scrubbed_genus,scrubbed_species_binomial,latitude,longitude,date_collected,datasource,dataset,dataowner,custodial_institution_codes,collection_code,datasource_id
Nothofagus,Nothofagus dombeyi,-40.18333,-71.31666,1996-02-23,MO,"ARIZ, BAB, G, K, LPB, MBM, MO, NY, US","ARIZ, BAB, G, K, LPB, MBM, MO, NY, US","ARIZ, BAB, G, K, LPB, MBM, MO, NY, US",NA,280
Nothofagus,Nothofagus nitida,-40.23,-73.421,NA,SALVIAS,Gentry Transect Dataset,James S. MIller,NA,NA,14
Nothofagus,Nothofagus nitida,-40.23,-73.421,NA,SALVIAS,Gentry Transect Dataset,James S. MIller,NA,NA,14
Nothofagus,Nothofagus dombeyi,-41.029438,-71.814278,1973-12-30,GBIF,MB,MB,MB,MBcoll,3487
Nothofagus,Nothofagus obliqua,-38.027634,-73.204132,1973-11-22,GBIF,MB,MB,MB,MBcoll,3487
Nothofagus,Nothofagus obliqua,-38.027634,-73.204132,1973-11-22,GBIF,MB,MB,MB,MBcoll,3487
Nothofagus,Nothofagus dombeyi,-41.032837,-72.045593,1973-11-25,GBIF,MB,MB,MB,MBcoll,3487
Nothofagus,Nothofagus pumilio,-41,-71.9,1975-11-01,GBIF,CANB,CANB,CANB,CANB,3664
Nothofagus,Nothofagus pumilio,-50.465527,-72.842102,1973-12-17,GBIF,MB,MB,MB,MBcoll,3487
Nothofagus,Nothofagus antarctica,-49.76,-72.09,NA,GBIF,SI,SI,SI,HERB,3669
Nothofagus,Nothofagus betuloides,-50.325712,-73.166919,NA,GBIF,MACN,MACN,MACN,BA V,2228
Nothofagus,Nothofagus dombeyi,-41.5,-71.5,1948-02-01,GBIF,UConn,UConn,UConn,CONN,1754
Nothofagus,Nothofagus dombeyi,-41.053547,-72.062073,1973-11-24,GBIF,MB,MB,MB,MBcoll,3487
Nothofagus,Nothofagus dombeyi,-41.053547,-72.062073,1973-11-24,GBIF,MB,MB,MB,MBcoll,3487
Nothofagus,Nothofagus antarctica,-50.088479,-73.194756,NA,GBIF,MACN,MACN,MACN,BA V,2228
Nothofagus,Nothofagus betuloides,-54.792454,-68.38028,1973-12-05,GBIF,MB,MB,MB,MBcoll,3487
Nothofagus,Nothofagus betuloides,-54.75,-63.88333,1998-11-26,MO,"MO, SI","MO, SI","MO, SI",NA,280
Nothofagus,Nothofagus dombeyi,-36.65,-71.38333,2001-11-04,MO,MO,MO,MO,NA,280
Nothofagus,Nothofagus dombeyi,-34.380341,-58.478935,1973-11-27,GBIF,MB,MB,MB,MBcoll,3487
Nothofagus,Nothofagus dombeyi,-39.676945,-71.529236,1973-12-28,GBIF,MB,MB,MB,MBcoll,3487
Nothofagus,Nothofagus obliqua,-38.027634,-73.204132,1973-11-22,GBIF,MB,MB,MB,MBcoll,3487
Nothofagus,Nothofagus pumilio,-35.3869,-64.9208,NA,GBIF,F,F,F,Botany,3567
Nothofagus,Nothofagus antarctica,-50.306608,-72.799843,NA,GBIF,MACN,MACN,MACN,BA V,2228
Nothofagus,Nothofagus obliqua,-36.22,-71.23,1999-04-03,GBIF,MA,MA,MA,MA,3753
Nothofagus,Nothofagus pumilio,-54.795876,-68.379333,1973-12-05,GBIF,MB,MB,MB,MBcoll,3487
Nothofagus,Nothofagus dombeyi,-40.66,-71.97,1954-04-01,GBIF,MA,MA,MA,MA,3753
Nothofagus,Nothofagus pumilio,-50.465527,-72.842102,1973-12-17,GBIF,MB,MB,MB,MBcoll,3487
Nothofagus,Nothofagus dombeyi,-36.08,-71.16,1999-09-03,GBIF,MA,MA,MA,MA,3753
Nothofagus,Nothofagus pumilio,-54.15,-68.72,1994-01-15,GBIF,MA,MA,MA,MA,3753
Nothofagus,Nothofagus nitida,-40.23,-73.421,NA,SALVIAS,Gentry Transect Dataset,James S. MIller,NA,NA,14
Nothofagus,Nothofagus dombeyi,-41.053547,-72.062073,1973-11-24,GBIF,MB,MB,MB,MBcoll,3487
Nothofagus,Nothofagus dombeyi,-41.2,-72.55,1987-12-04,GBIF,W,W,W,Herbarium W,3736
Nothofagus,Nothofagus alpina,-33.966667,-70.966667,NA,GBIF,MEL,MEL,MEL,MEL,3283
Nothofagus,Nothofagus obliqua,-33.2,-71,NA,GBIF,WELT,WELT,WELT,WELT,3730
Nothofagus,Nothofagus dombeyi,-41.053547,-72.062073,1973-11-24,GBIF,MB,MB,MB,MBcoll,3487
Nothofagus,Nothofagus antarctica,-37.97697,-71.03631,NA,GBIF,IANIGLA,IANIGLA,IANIGLA,XFR,2712
Nothofagus,Nothofagus alpina,-35.8156,-70.8906,NA,GBIF,F,F,F,Botany,3567
Nothofagus,Nothofagus obliqua,-35.8156,-70.8906,NA,GBIF,F,F,F,Botany,3567
Nothofagus,Nothofagus betuloides,-49.84,-73.2,NA,GBIF,SI,SI,SI,HERB,3669
Nothofagus,Nothofagus glauca,-37.47,-72.97,2000-09-10,GBIF,MA,MA,MA,MA,3753
Nothofagus,Nothofagus betuloides,-54.76666,-68.36666,1979-01-01,MO,MO,MO,MO,NA,280
Nothofagus,Nothofagus antarctica,-49.76,-72.09,NA,GBIF,SI,SI,SI,HERB,3669
Nothofagus,Nothofagus betuloides,-54.801903,-68.359337,1973-12-07,GBIF,MB,MB,MB,MBcoll,3487
Nothofagus,Nothofagus betuloides,-54.801903,-68.359337,1973-12-07,GBIF,MB,MB,MB,MBcoll,3487
Nothofagus,Nothofagus obliqua,-38.027634,-73.204132,1973-11-22,GBIF,MB,MB,MB,MBcoll,3487
Nothofagus,Nothofagus pumilio,-50.465527,-72.842102,1973-12-17,GBIF,MB,MB,MB,MBcoll,3487
Nothofagus,Nothofagus dombeyi,-41.032837,-72.045593,1973-11-25,GBIF,MB,MB,MB,MBcoll,3487
Nothofagus,Nothofagus dombeyi,-35.8156,-70.8906,NA,GBIF,F,F,F,Botany,3567
Nothofagus,Nothofagus dombeyi,-41.032837,-72.045593,1973-11-25,GBIF,MB,MB,MB,MBcoll,3487
Nothofagus,Nothofagus nitida,-35.8156,-70.8906,NA,GBIF,F,F,F,Botany,3567
Nothofagus,Nothofagus dombeyi,-43.02,-71.49,NA,GBIF,SI,SI,SI,HERB,3669
Nothofagus,Nothofagus pumilio,-35.8156,-70.8906,NA,GBIF,F,F,F,Botany,3567
Nothofagus,Nothofagus obliqua,-38.027634,-73.204132,1973-11-22,GBIF,MB,MB,MB,MBcoll,3487
Nothofagus,Nothofagus obliqua,-35.85,-71.1,NA,GBIF,CONC,CONC,CONC,HERB,3749
Nothofagus,Nothofagus dombeyi,-39.676945,-71.529236,1973-12-28,GBIF,MB,MB,MB,MBcoll,3487
Nothofagus,Nothofagus obliqua,-35.8156,-70.8906,NA,GBIF,F,F,F,Botany,3567
Nothofagus,Nothofagus antarctica,-35.3869,-64.9208,NA,GBIF,F,F,F,Botany,3567
Nothofagus,Nothofagus dombeyi,-40.13,-71.47,NA,GBIF,US,US,US,HERB,3271
Nothofagus,Nothofagus pumilio,-54.792454,-68.38028,1973-12-05,GBIF,MB,MB,MB,MBcoll,3487
Nothofagus,Nothofagus dombeyi,-41.200001,-72.533333,1942-08-01,GBIF,B,B,B,Herbarium Berolinense,3617
Nothofagus,Nothofagus glauca,-35.85,-71.1,NA,MO,"CONC, SGO","CONC, SGO","CONC, SGO",NA,280
Nothofagus,Nothofagus antarctica,-50.479092,-72.789917,1973-12-16,GBIF,MB,MB,MB,MBcoll,3487
Nothofagus,Nothofagus obliqua,-36.83333,-71.41666,1991-11-20,MO,MO,MO,MO,NA,280
Nothofagus,Nothofagus glauca,-36.60083,-71.47111,2001-11-03,MO,MO,MO,MO,NA,280
Nothofagus,Nothofagus antarctica,-49.8413889,-73.1986111,2002-12-11,MO,MO,MO,MO,NA,280
Nothofagus,Nothofagus pumilio,-40.25,-71.37,NA,GBIF,US,US,US,HERB,3271
Nothofagus,Nothofagus dombeyi,-41.05769,-71.523743,1974-01-03,GBIF,MB,MB,MB,MBcoll,3487
Nothofagus,Nothofagus dombeyi,-41.053547,-72.062073,1973-11-24,GBIF,MB,MB,MB,MBcoll,3487
Nothofagus,Nothofagus betuloides,-54.838306,-68.486794,1973-12-04,GBIF,MB,MB,MB,MBcoll,3487
Nothofagus,Nothofagus pumilio,-50.105215,-73.332316,NA,GBIF,MACN,MACN,MACN,BA V,2228
Nothofagus,Nothofagus nitida,-40.23,-73.421,NA,SALVIAS,Gentry Transect Dataset,James S. MIller,NA,NA,14
Nothofagus,Nothofagus betuloides,-54.5,-67,1769-01-01,GBIF,MEL,MEL,MEL,MEL,3283
Nothofagus,Nothofagus betuloides,-49.8413889,-73.1986111,2002-12-11,MO,MO,MO,MO,NA,280
Nothofagus,Nothofagus obliqua,-35.85,-71.1,NA,GBIF,SGO,SGO,SGO,HERB,3426
Nothofagus,Nothofagus dombeyi,-41.053547,-72.062073,1973-11-24,GBIF,MB,MB,MB,MBcoll,3487
Nothofagus,Nothofagus obliqua,-36.7833,-71.75,1993-10-16,GBIF,CANB,CANB,CANB,CANB,3664
Nothofagus,Nothofagus antarctica,-49.76,-72.09,NA,GBIF,SI,SI,SI,HERB,3669
Nothofagus,Nothofagus glauca,-35.5,-71.5,1970-11-24,GBIF,HAL,HAL,HAL,HALcoll,3317
Nothofagus,Nothofagus antarctica,-39.98333,-71.08333,1997-12-08,MO,"BAB, MO","BAB, MO","BAB, MO",NA,280
Nothofagus,Nothofagus pumilio,-54.792454,-68.38028,1973-12-05,GBIF,MB,MB,MB,MBcoll,3487
Nothofagus,Nothofagus nitida,-40.23,-73.421,NA,SALVIAS,Gentry Transect Dataset,James S. MIller,NA,NA,14
Nothofagus,Nothofagus nitida,-40.416667,-73.733333,1998-02-13,GBIF,E,E,E,E,3550
Nothofagus,Nothofagus antarctica,-38.58,-70.43,NA,GBIF,SI,SI,SI,HERB,3669
Nothofagus,Nothofagus antarctica,-50.479092,-72.789917,1973-12-16,GBIF,MB,MB,MB,MBcoll,3487
Nothofagus,Nothofagus pumilio,-54.792454,-68.38028,1973-12-05,GBIF,MB,MB,MB,MBcoll,3487
Nothofagus,Nothofagus obliqua,-36.9,-71.47,1986-11-13,GBIF,MA,MA,MA,MA,3753
Nothofagus,Nothofagus dombeyi,-41.32,-71.49,NA,GBIF,SI,SI,SI,HERB,3669
Nothofagus,Nothofagus antarctica,-37.97697,-71.03631,NA,GBIF,IANIGLA,IANIGLA,IANIGLA,XFR,2712
Nothofagus,Nothofagus obliqua,-37.78,-72.97,NA,GBIF,WELT,WELT,WELT,WELT,3730
Nothofagus,Nothofagus obliqua,-41.1361111,-73.0291667,1990-12-05,MO,MO,MO,MO,NA,280
Nothofagus,Nothofagus dombeyi,-41.053547,-72.062073,1973-11-24,GBIF,MB,MB,MB,MBcoll,3487
Nothofagus,Nothofagus pumilio,-35.3869,-64.9208,NA,GBIF,F,F,F,Botany,3567
Nothofagus,Nothofagus dombeyi,-36.83333,-71.41666,1991-11-21,MO,MO,MO,MO,NA,280
Nothofagus,Nothofagus betuloides,-54.816667,-64.116667,1971-10-30,GBIF,E,E,E,E,3550
Nothofagus,Nothofagus obliqua,-35.85,-71.1,NA,MO,"CONC, SGO","CONC, SGO","CONC, SGO",NA,280
Nothofagus,Nothofagus pumilio,-41.15,-71.383333,1957-02-01,GBIF,MEL,MEL,MEL,MEL,3283
Nothofagus,Nothofagus pumilio,-40.25,-71.37,NA,GBIF,K,K,K,HERB,3716
Nothofagus,Nothofagus obliqua,-39.33333,-71.75,1991-11-29,MO,MO,MO,MO,NA,280
Nothofagus,Nothofagus nitida,-40.435278,-73.646944,1998-02-10,GBIF,E,E,E,E,3550
Nothofagus,Nothofagus dombeyi,-40.18,-71.32,NA,GBIF,US,US,US,HERB,3271
Nothofagus,Nothofagus obliqua,-32.98823,-71.00612,NA,GBIF,MNHN,MNHN,MNHN,P,3541
Nothofagus,Nothofagus dombeyi,-41.032837,-72.045593,1973-11-25,GBIF,MB,MB,MB,MBcoll,3487
Nothofagus,Nothofagus dombeyi,-41.053547,-72.062073,1973-11-24,GBIF,MB,MB,MB,MBcoll,3487
Nothofagus,Nothofagus antarctica,-54.88,-67.2594,2002-01-24,GBIF,NSW,NSW,NSW,NSW,3466
Nothofagus,Nothofagus obliqua,-35.8156,-70.8906,NA,GBIF,F,F,F,Botany,3567
Nothofagus,Nothofagus obliqua,-35.8156,-70.8906,NA,GBIF,F,F,F,Botany,3567
Nothofagus,Nothofagus antarctica,-43.02,-71.49,NA,GBIF,SI,SI,SI,HERB,3669
Nothofagus,Nothofagus betuloides,-54.76666,-64.53333,1971-11-06,MO,MO,MO,MO,NA,280
Nothofagus,Nothofagus dombeyi,-41.032837,-72.045593,1973-11-25,GBIF,MB,MB,MB,MBcoll,3487
Nothofagus,Nothofagus macrocarpa,-32.981944,-71.021111,2016-05-03,GBIF,E,E,E,E,3550
Nothofagus,Nothofagus antarctica,-54.8483333,-64.4333333,1971-11-02,MO,MO,MO,MO,NA,280
Nothofagus,Nothofagus betuloides,-35.3869,-64.9208,NA,GBIF,F,F,F,Botany,3567
Nothofagus,Nothofagus dombeyi,-41.029438,-71.814278,1973-12-30,GBIF,MB,MB,MB,MBcoll,3487
Nothofagus,Nothofagus nitida,-39.77,-72.52,NA,GBIF,WELT,WELT,WELT,WELT,3730
Nothofagus,Nothofagus pumilio,-35.3869,-64.9208,NA,GBIF,F,F,F,Botany,3567
Nothofagus,Nothofagus pumilio,-54.795876,-68.379333,1973-12-05,GBIF,MB,MB,MB,MBcoll,3487
Nothofagus,Nothofagus pumilio,-50.465527,-72.842102,1973-12-17,GBIF,MB,MB,MB,MBcoll,3487
Nothofagus,Nothofagus dombeyi,-40.18,-71.32,NA,GBIF,BAB,BAB,BAB,HERB,3614
Nothofagus,Nothofagus dombeyi,-41.05769,-71.523743,1974-01-03,GBIF,MB,MB,MB,MBcoll,3487
Nothofagus,Nothofagus dombeyi,-41.053547,-72.062073,1973-11-24,GBIF,MB,MB,MB,MBcoll,3487
Nothofagus,Nothofagus dombeyi,-40.18,-71.32,NA,GBIF,HRP,HRP,HRP,HERB,3308
Nothofagus,Nothofagus pumilio,-51.17,-72.83,NA,GBIF,CONC,CONC,CONC,HERB,3749
Nothofagus,Nothofagus pumilio,-35.8156,-70.8906,NA,GBIF,F,F,F,Botany,3567
Nothofagus,Nothofagus obliqua,-35.8156,-70.8906,NA,GBIF,F,F,F,Botany,3567
Nothofagus,Nothofagus antarctica,-40.7333,-72.15,1975-11-20,GBIF,CANB,CANB,CANB,CANB,3664
Nothofagus,Nothofagus dombeyi,-35.8156,-70.8906,NA,GBIF,F,F,F,Botany,3567
Nothofagus,Nothofagus antarctica,-40.76,-71.44,NA,GBIF,BAB,BAB,BAB,HERB,3614
Nothofagus,Nothofagus pumilio,-40.25,-71.37,NA,GBIF,BAB,BAB,BAB,HERB,3614
Nothofagus,Nothofagus antarctica,-49.76,-72.09,NA,GBIF,SI,SI,SI,HERB,3669
Nothofagus,Nothofagus dombeyi,-41.05769,-71.523743,1974-01-03,GBIF,MB,MB,MB,MBcoll,3487
Nothofagus,Nothofagus obliqua,-35.8156,-70.8906,NA,GBIF,F,F,F,Botany,3567
Nothofagus,Nothofagus antarctica,-38.667,-70.9,1939-03-06,GBIF,MNHN,MNHN,MNHN,P,3541
Nothofagus,Nothofagus antarctica,-54.88,-67.2594,2002-01-24,GBIF,CANB,CANB,CANB,CANB,3664
Nothofagus,Nothofagus antarctica,-39.0625,-70.451389,1946-01-01,GBIF,MEL,MEL,MEL,MEL,3283
Nothofagus,Nothofagus dombeyi,-43.02,-71.49,NA,GBIF,SI,SI,SI,HERB,3669
Nothofagus,Nothofagus antarctica,-41.214,-71.5,1968-11-13,GBIF,MNHN,MNHN,MNHN,P,3541
Nothofagus,Nothofagus dombeyi,-40.13,-71.47,NA,GBIF,HRP,HRP,HRP,HERB,3308
Nothofagus,Nothofagus pumilio,-54.841064,-68.514519,1973-12-05,GBIF,MB,MB,MB,MBcoll,3487
Nothofagus,Nothofagus betuloides,-49.76,-72.09,NA,GBIF,SI,SI,SI,HERB,3669
Nothofagus,Nothofagus pumilio,-50.465527,-72.842102,1973-12-17,GBIF,MB,MB,MB,MBcoll,3487
Nothofagus,Nothofagus obliqua,-35.8156,-70.8906,NA,GBIF,F,F,F,Botany,3567
Nothofagus,Nothofagus obliqua,-37.75,-72.9666667,1979-01-24,MO,"DUKE, MO","DUKE, MO","DUKE, MO",NA,280
Nothofagus,Nothofagus glauca,-36.08,-71.16,1999-09-03,GBIF,MA,MA,MA,MA,3753
Nothofagus,Nothofagus betuloides,-35.8156,-70.8906,NA,GBIF,F,F,F,Botany,3567
Nothofagus,Nothofagus antarctica,-54.80191,-68.30295,NA,GBIF,MNHN,MNHN,MNHN,P,3541
Nothofagus,Nothofagus dombeyi,-37.78,-72.97,NA,GBIF,WELT,WELT,WELT,WELT,3730
Nothofagus,Nothofagus dombeyi,-41.05769,-71.523743,1974-01-03,GBIF,MB,MB,MB,MBcoll,3487
Nothofagus,Nothofagus dombeyi,-41.58333,-71.8,1978-12-17,MO,MO,MO,MO,NA,280
Nothofagus,Nothofagus dombeyi,-40.666389,-71.662222,1938-02-15,GBIF,MEL,MEL,MEL,MEL,3283
Nothofagus,Nothofagus dombeyi,-39.0125,-71.700278,2002-09-15,GBIF,E,E,E,E,3550
Nothofagus,Nothofagus dombeyi,-35.8156,-70.8906,NA,GBIF,F,F,F,Botany,3567
Nothofagus,Nothofagus obliqua,-39.81306,-72.03833,1851-10-01,GBIF,MNHN,MNHN,MNHN,P,3541
Nothofagus,Nothofagus dombeyi,-41.053547,-72.062073,1973-11-24,GBIF,MB,MB,MB,MBcoll,3487
Nothofagus,Nothofagus nitida,-40.23,-73.421,NA,SALVIAS,Gentry Transect Dataset,James S. MIller,NA,NA,14
Nothofagus,Nothofagus glauca,-35.8156,-70.8906,NA,GBIF,F,F,F,Botany,3567
Nothofagus,Nothofagus dombeyi,-41,-71.5,1946-12-31,SpeciesLink,IAC,IAC,IAC,IAC,1365
Nothofagus,Nothofagus betuloides,-40.23,-73.421,NA,SALVIAS,Gentry Transect Dataset,James S. MIller,NA,NA,14
Nothofagus,Nothofagus pumilio,-35.8156,-70.8906,NA,GBIF,F,F,F,Botany,3567
Nothofagus,Nothofagus nitida,-35.8156,-70.8906,NA,GBIF,F,F,F,Botany,3567
Nothofagus,Nothofagus dombeyi,-39.676945,-71.529236,1973-12-28,GBIF,MB,MB,MB,MBcoll,3487
Nothofagus,Nothofagus antarctica,-54.15,-68.72,1994-01-14,GBIF,MA,MA,MA,MA,3753
Nothofagus,Nothofagus pumilio,-38.666667,-70.9,1941-02-12,GBIF,MEL,MEL,MEL,MEL,3283
Nothofagus,Nothofagus obliqua,-35.8156,-70.8906,NA,GBIF,F,F,F,Botany,3567
Nothofagus,Nothofagus pumilio,-54.801903,-68.359337,1973-12-07,GBIF,MB,MB,MB,MBcoll,3487
Nothofagus,Nothofagus antarctica,-50.333333,-73.233333,1953-01-01,GBIF,MEL,MEL,MEL,MEL,3283
Nothofagus,Nothofagus antarctica,-41.177944,-71.460167,2006-12-09,GBIF,UTEP,UTEP,UTEP,Plant specimens,3326
Nothofagus,Nothofagus dombeyi,-41.032837,-72.045593,1973-11-25,GBIF,MB,MB,MB,MBcoll,3487
Nothofagus,Nothofagus dombeyi,-39.11,-71.09,NA,GBIF,SI,SI,SI,HERB,3669
Nothofagus,Nothofagus betuloides,-54.54,-70.59,1994-12-14,GBIF,MA,MA,MA,MA,3753
Nothofagus,Nothofagus nitida,-35.8156,-70.8906,NA,GBIF,F,F,F,Botany,3567
Nothofagus,Nothofagus glauca,-36.29,-71.33,1999-06-03,GBIF,MA,MA,MA,MA,3753
Nothofagus,Nothofagus betuloides,-49.76,-72.09,NA,GBIF,SI,SI,SI,HERB,3669
Nothofagus,Nothofagus obliqua,-35.8156,-70.8906,NA,GBIF,F,F,F,Botany,3567
Nothofagus,Nothofagus betuloides,-54.75,-64.05,1903-11-18,GBIF,LD,LD,LD,General,3425
Nothofagus,Nothofagus dombeyi,-41.029438,-71.814278,1973-12-30,GBIF,MB,MB,MB,MBcoll,3487
Nothofagus,Nothofagus betuloides,-49.76,-72.09,NA,GBIF,SI,SI,SI,HERB,3669
Nothofagus,Nothofagus dombeyi,-41.05769,-71.523743,1974-01-03,GBIF,MB,MB,MB,MBcoll,3487
Nothofagus,Nothofagus pumilio,-50.125027,-72.999438,NA,GBIF,MACN,MACN,MACN,BA V,2228
Nothofagus,Nothofagus antarctica,-35.3869,-64.9208,NA,GBIF,F,F,F,Botany,3567
Nothofagus,Nothofagus antarctica,-55.100083,-69.827444,2012-01-22,NY,NY,NY,NY,Herbarium,104
Nothofagus,Nothofagus alpina,-35.8156,-70.8906,NA,GBIF,F,F,F,Botany,3567
Nothofagus,Nothofagus pumilio,-37.81,-72.98,1973-03-22,GBIF,MA,MA,MA,MA,3753
Nothofagus,Nothofagus pumilio,-53.72,-69.23,1997-02-19,GBIF,MA,MA,MA,MA,3753
Nothofagus,Nothofagus betuloides,-54.865444,-67.353694,2009-01-17,GBIF,UTEP,UTEP,UTEP,Plant specimens,3326
Nothofagus,Nothofagus antarctica,-54.78333,-64.43333,1971-11-09,GBIF,MNHN,MNHN,MNHN,P,3541
Nothofagus,Nothofagus nitida,-40.73333,-72.23333,1986-03-16,MO,MO,MO,MO,NA,280
Nothofagus,Nothofagus obliqua,-36.6063,-72.1023,1855-01-01,GBIF,MNHN,MNHN,MNHN,P,3541
Nothofagus,Nothofagus betuloides,-35.8156,-70.8906,NA,GBIF,F,F,F,Botany,3567
Nothofagus,Nothofagus dombeyi,-41.05769,-71.523743,1974-01-03,GBIF,MB,MB,MB,MBcoll,3487
Nothofagus,Nothofagus obliqua,-37,-72,1971-11-07,MO,MO,MO,MO,NA,280
Nothofagus,Nothofagus pumilio,-50.248377,-73.345738,NA,GBIF,MACN,MACN,MACN,BA V,2228
Nothofagus,Nothofagus dombeyi,-40.13,-71.47,NA,GBIF,MNES,MNES,MNES,HERB,1789
Nothofagus,Nothofagus dombeyi,-41.053547,-72.062073,1973-11-24,GBIF,MB,MB,MB,MBcoll,3487
Nothofagus,Nothofagus obliqua,-36.648611,-71.390556,2013-01-11,GBIF,E,E,E,E,3550
Nothofagus,Nothofagus dombeyi,-37.56,-73.3,1988-05-11,GBIF,MA,MA,MA,MA,3753
Nothofagus,Nothofagus pumilio,-54.654003,-67.799721,1973-12-07,GBIF,MB,MB,MB,MBcoll,3487
Nothofagus,Nothofagus antarctica,-49.76,-72.09,NA,GBIF,SI,SI,SI,HERB,3669
Nothofagus,Nothofagus obliqua,-35.8156,-70.8906,NA,GBIF,F,F,F,Botany,3567
Nothofagus,Nothofagus dombeyi,-41.053547,-72.062073,1973-11-24,GBIF,MB,MB,MB,MBcoll,3487
Nothofagus,Nothofagus pumilio,-54.597004,-68.345947,1973-12-11,GBIF,MB,MB,MB,MBcoll,3487
Nothofagus,Nothofagus antarctica,-42.29,-70.74,NA,GBIF,SI,SI,SI,HERB,3669
Nothofagus,Nothofagus pumilio,-50.327935,-73.152247,NA,GBIF,MACN,MACN,MACN,BA V,2228
Nothofagus,Nothofagus antarctica,-35.8156,-70.8906,NA,GBIF,F,F,F,Botany,3567
Nothofagus,Nothofagus dombeyi,-35.8156,-70.8906,NA,GBIF,F,F,F,Botany,3567
Nothofagus,Nothofagus antarctica,-39.98,-71.08,NA,GBIF,BAB,BAB,BAB,HERB,3614
Nothofagus,Nothofagus dombeyi,-41.053547,-72.062073,1973-11-24,GBIF,MB,MB,MB,MBcoll,3487
Nothofagus,Nothofagus nitida,-45.9,-73.366667,1992-03-04,GBIF,E,E,E,E,3550
Nothofagus,Nothofagus betuloides,-54.86666,-67.41666,1967-10-09,GBIF,UConn,UConn,UConn,CONN,1754
Nothofagus,Nothofagus obliqua,-38.027634,-73.204132,1973-11-22,GBIF,MB,MB,MB,MBcoll,3487
Nothofagus,Nothofagus pumilio,-40.77,-72.15,NA,GBIF,WELT,WELT,WELT,WELT,3730
Nothofagus,Nothofagus obliqua,-38.027634,-73.204132,1973-11-22,GBIF,MB,MB,MB,MBcoll,3487
Nothofagus,Nothofagus obliqua,-35.8156,-70.8906,NA,GBIF,F,F,F,Botany,3567
Nothofagus,Nothofagus dombeyi,-40.18,-71.32,NA,GBIF,G,G,G,HERB,3547
Nothofagus,Nothofagus dombeyi,-35.8156,-70.8906,NA,GBIF,F,F,F,Botany,3567
Nothofagus,Nothofagus dombeyi,-41.032837,-72.045593,1973-11-25,GBIF,MB,MB,MB,MBcoll,3487
Nothofagus,Nothofagus nitida,-35.8156,-70.8906,NA,GBIF,F,F,F,Botany,3567
Nothofagus,Nothofagus glauca,-35.8156,-70.8906,NA,GBIF,F,F,F,Botany,3567
Nothofagus,Nothofagus dombeyi,-35.8156,-70.8906,NA,GBIF,F,F,F,Botany,3567
Nothofagus,Nothofagus glauca,-35.8156,-70.8906,NA,GBIF,F,F,F,Botany,3567
Nothofagus,Nothofagus antarctica,-36.91,-71.4,1992-06-12,GBIF,MA,MA,MA,MA,3753
Nothofagus,Nothofagus betuloides,-54.838306,-68.486794,1973-12-04,GBIF,MB,MB,MB,MBcoll,3487
Nothofagus,Nothofagus obliqua,-37.8,-72.85,1992-02-11,GBIF,E,E,E,E,3550
Nothofagus,Nothofagus pumilio,-54.597004,-68.345947,1973-12-11,GBIF,MB,MB,MB,MBcoll,3487
Nothofagus,Nothofagus alpina,-37.292778,-71.487778,2017-02-20,GBIF,E,E,E,E,3550
Nothofagus,Nothofagus dombeyi,-41.032837,-72.045593,1973-11-25,GBIF,MB,MB,MB,MBcoll,3487
Nothofagus,Nothofagus betuloides,-54.801903,-68.359337,1973-12-07,GBIF,MB,MB,MB,MBcoll,3487
Nothofagus,Nothofagus obliqua,-34.5858,-70.9908,1829-01-01,GBIF,MNHN,MNHN,MNHN,P,3541
Nothofagus,Nothofagus obliqua,-38.027634,-73.204132,1973-11-22,GBIF,MB,MB,MB,MBcoll,3487
Nothofagus,Nothofagus betuloides,-49.76,-72.09,NA,GBIF,BAB,BAB,BAB,HERB,3614
Nothofagus,Nothofagus betuloides,-54.8308334,-68.5638889,2006-12-12,MO,"DUKE, GB, MO, US","DUKE, GB, MO, US","DUKE, GB, MO, US",NA,280
Nothofagus,Nothofagus dombeyi,-41.43,-71.55,NA,GBIF,SI,SI,SI,HERB,3669
Nothofagus,Nothofagus betuloides,-55.1755,-69.503861,2012-01-21,NY,NY,NY,NY,Herbarium,104
Nothofagus,Nothofagus dombeyi,-37.78,-72.97,NA,GBIF,WELT,WELT,WELT,WELT,3730
Nothofagus,Nothofagus dombeyi,-41.053547,-72.062073,1973-11-24,GBIF,MB,MB,MB,MBcoll,3487
Nothofagus,Nothofagus antarctica,-39.4025,-70.8175,1967-11-17,GBIF,MNHN,MNHN,MNHN,P,3541
Nothofagus,Nothofagus pumilio,-35.8156,-70.8906,NA,GBIF,F,F,F,Botany,3567
Nothofagus,Nothofagus dombeyi,-41.053547,-72.062073,1973-11-24,GBIF,MB,MB,MB,MBcoll,3487
Nothofagus,Nothofagus dombeyi,-41,-71.5,1945-12-15,SpeciesLink,IAC,IAC,IAC,IAC,1365
Nothofagus,Nothofagus dombeyi,-41.032837,-72.045593,1973-11-25,GBIF,MB,MB,MB,MBcoll,3487
Nothofagus,Nothofagus pumilio,-41.43,-71.55,NA,GBIF,BAB,BAB,BAB,HERB,3614
Nothofagus,Nothofagus betuloides,-35.8156,-70.8906,NA,GBIF,F,F,F,Botany,3567
Nothofagus,Nothofagus betuloides,-49.76,-72.09,NA,GBIF,BAA,BAA,BAA,HERB,3384
Nothofagus,Nothofagus antarctica,-36.9,-71.45,1990-11-22,MO,MO,MO,MO,NA,280
Nothofagus,Nothofagus pumilio,-37.86,-71.37,2002-01-01,GBIF,MA,MA,MA,MA,3753
Nothofagus,Nothofagus antarctica,-42.91,-71.72,NA,GBIF,SI,SI,SI,HERB,3669
Nothofagus,Nothofagus nitida,-45.9,-73.366667,1992-03-03,GBIF,E,E,E,E,3550
Nothofagus,Nothofagus obliqua,-40.123,-72.45,1851-10-01,GBIF,MNHN,MNHN,MNHN,P,3541
Nothofagus,Nothofagus antarctica,-37.783329,-72.466667,1953-10-17,GBIF,B,B,B,Herbarium Berolinense,3617
Nothofagus,Nothofagus betuloides,-54.801903,-68.359337,1973-12-07,GBIF,MB,MB,MB,MBcoll,3487
Nothofagus,Nothofagus pumilio,-35.8156,-70.8906,NA,GBIF,F,F,F,Botany,3567
Nothofagus,Nothofagus betuloides,-40.23,-73.421,NA,SALVIAS,Gentry Transect Dataset,James S. MIller,NA,NA,14
Nothofagus,Nothofagus obliqua,-35.8156,-70.8906,NA,GBIF,F,F,F,Botany,3567
Nothofagus,Nothofagus dombeyi,-35.8156,-70.8906,NA,GBIF,F,F,F,Botany,3567
Nothofagus,Nothofagus obliqua,-34.58586,-70.99078,1828-12-01,GBIF,MNHN,MNHN,MNHN,P,3541
Nothofagus,Nothofagus antarctica,-50,-69.25,1977-01-01,GBIF,UConn,UConn,UConn,CONN,1754
Nothofagus,Nothofagus antarctica,-35.8156,-70.8906,NA,GBIF,F,F,F,Botany,3567
Nothofagus,Nothofagus pumilio,-54.674917,-65.818658,2007-03-13,GBIF,TRH,TRH,TRH,V,3316
Nothofagus,Nothofagus antarctica,-54.866667,-67.316667,1902-11-01,GBIF,LD,LD,LD,General,3425
Nothofagus,Nothofagus antarctica,-50.125027,-72.999438,NA,GBIF,MACN,MACN,MACN,BA V,2228
Nothofagus,Nothofagus dombeyi,-41.43,-71.55,NA,GBIF,SI,SI,SI,HERB,3669
Nothofagus,Nothofagus dombeyi,-35.8156,-70.8906,NA,GBIF,F,F,F,Botany,3567
Nothofagus,Nothofagus obliqua,-34.621,-71.171,1831-03-01,GBIF,MNHN,MNHN,MNHN,P,3541
Nothofagus,Nothofagus dombeyi,-35.3869,-64.9208,NA,GBIF,F,F,F,Botany,3567
Nothofagus,Nothofagus antarctica,-36.67,-70.8,NA,GBIF,SI,SI,SI,HERB,3669
Nothofagus,Nothofagus antarctica,-50.479092,-72.789917,1973-12-16,GBIF,MB,MB,MB,MBcoll,3487
Nothofagus,Nothofagus dombeyi,-41.053547,-72.062073,1973-11-24,GBIF,MB,MB,MB,MBcoll,3487
Nothofagus,Nothofagus pumilio,-49.75,-72.6666667,1953-01-01,MO,MO,MO,MO,NA,280
Nothofagus,Nothofagus dombeyi,-42.29,-70.74,NA,GBIF,SI,SI,SI,HERB,3669
Nothofagus,Nothofagus dombeyi,-41.053547,-72.062073,1973-11-24,GBIF,MB,MB,MB,MBcoll,3487
Nothofagus,Nothofagus glauca,-35.85,-71.1,NA,GBIF,SGO,SGO,SGO,HERB,3426
Nothofagus,Nothofagus dombeyi,-41.032837,-72.045593,1973-11-25,GBIF,MB,MB,MB,MBcoll,3487
Nothofagus,Nothofagus nitida,-40.41902,-72.37491,1854-12-01,GBIF,MNHN,MNHN,MNHN,P,3541
Nothofagus,Nothofagus antarctica,-54.78333,-65.21667,1971-10-13,GBIF,MNHN,MNHN,MNHN,P,3541
Nothofagus,Nothofagus dombeyi,-41.053547,-72.062073,1973-11-24,GBIF,MB,MB,MB,MBcoll,3487
Nothofagus,Nothofagus obliqua,-35.8156,-70.8906,NA,GBIF,F,F,F,Botany,3567
Nothofagus,Nothofagus pumilio,-35.3869,-64.9208,NA,GBIF,F,F,F,Botany,3567
Nothofagus,Nothofagus glauca,-35.8156,-70.8906,NA,GBIF,F,F,F,Botany,3567
Nothofagus,Nothofagus dombeyi,-41.012119,-71.81488,1973-12-30,GBIF,MB,MB,MB,MBcoll,3487
Nothofagus,Nothofagus pumilio,-54.597004,-68.345947,1973-12-11,GBIF,MB,MB,MB,MBcoll,3487
Nothofagus,Nothofagus obliqua,-35.8156,-70.8906,NA,GBIF,F,F,F,Botany,3567
Nothofagus,Nothofagus glauca,-36.594167,-71.466944,2011-02-24,GBIF,E,E,E,E,3550
Nothofagus,Nothofagus antarctica,-50.125027,-72.999438,NA,GBIF,MACN,MACN,MACN,BA V,2228
Nothofagus,Nothofagus dombeyi,-41.2,-72.55,1987-12-04,GBIF,W,W,W,Herbarium W,3736
Nothofagus,Nothofagus pumilio,-41.43,-71.55,NA,GBIF,SI,SI,SI,HERB,3669
Nothofagus,Nothofagus dombeyi,-41.029991,-71.515503,1974-01-03,GBIF,MB,MB,MB,MBcoll,3487
Nothofagus,Nothofagus nitida,-35.8156,-70.8906,NA,GBIF,F,F,F,Botany,3567
Nothofagus,Nothofagus antarctica,-49.61,-73.83,1988-12-21,GBIF,MA,MA,MA,MA,3753
Nothofagus,Nothofagus nitida,-45.883333,-73.266667,1996-03-14,GBIF,E,E,E,E,3550
Nothofagus,Nothofagus antarctica,-35.8156,-70.8906,NA,GBIF,F,F,F,Botany,3567
Nothofagus,Nothofagus betuloides,-54.96,-66.75,NA,GBIF,CHR,CHR,CHR,HERB,3324
Nothofagus,Nothofagus betuloides,-50.125027,-72.999438,NA,GBIF,MACN,MACN,MACN,BA V,2228
Nothofagus,Nothofagus antarctica,-40.029,-71.445,1969-01-29,GBIF,MNHN,MNHN,MNHN,P,3541
Nothofagus,Nothofagus dombeyi,-41.05769,-71.523743,1974-01-03,GBIF,MB,MB,MB,MBcoll,3487
Nothofagus,Nothofagus betuloides,-50.088479,-73.194756,NA,GBIF,MACN,MACN,MACN,BA V,2228
Nothofagus,Nothofagus dombeyi,-40.13,-71.47,NA,GBIF,K,K,K,HERB,3716
Nothofagus,Nothofagus dombeyi,-40.18,-71.32,NA,GBIF,LPB,LPB,LPB,HERB,3680
Nothofagus,Nothofagus antarctica,-43.31175,-71.38244,1955-02-07,GBIF,MNHN,MNHN,MNHN,P,3541
Nothofagus,Nothofagus pumilio,-54.841064,-68.514519,1973-12-05,GBIF,MB,MB,MB,MBcoll,3487
Nothofagus,Nothofagus pumilio,-35.8156,-70.8906,NA,GBIF,F,F,F,Botany,3567
Nothofagus,Nothofagus obliqua,-38.249167,-72.51,1998-03-09,GBIF,E,E,E,E,3550
Nothofagus,Nothofagus dombeyi,-41.032837,-72.045593,1973-11-25,GBIF,MB,MB,MB,MBcoll,3487
Nothofagus,Nothofagus pumilio,-49.963871,-73.133778,NA,GBIF,MACN,MACN,MACN,BA V,2228
Nothofagus,Nothofagus nitida,-42.3,-72.783333,1998-02-22,GBIF,E,E,E,E,3550
Nothofagus,Nothofagus pumilio,-54.841064,-68.514519,1973-12-05,GBIF,MB,MB,MB,MBcoll,3487
Nothofagus,Nothofagus obliqua,-38.027634,-73.204132,1973-11-22,GBIF,MB,MB,MB,MBcoll,3487
Nothofagus,Nothofagus pumilio,-50.306608,-72.799843,NA,GBIF,MACN,MACN,MACN,BA V,2228
Nothofagus,Nothofagus betuloides,-49.15,-74.55,1988-12-14,GBIF,MA,MA,MA,MA,3753
Nothofagus,Nothofagus obliqua,-36.85,-71.4,NA,GBIF,MEL,MEL,MEL,MEL,3283
Nothofagus,Nothofagus pumilio,-49.952793,-73.179985,NA,GBIF,MACN,MACN,MACN,BA V,2228
Nothofagus,Nothofagus pumilio,-54.58333,-67.31666,1971-11-21,MO,MO,MO,MO,NA,280
Nothofagus,Nothofagus betuloides,-35.8156,-70.8906,NA,GBIF,F,F,F,Botany,3567
Nothofagus,Nothofagus obliqua,-35.8156,-70.8906,NA,GBIF,F,F,F,Botany,3567
Nothofagus,Nothofagus dombeyi,-35.8156,-70.8906,NA,GBIF,F,F,F,Botany,3567
Nothofagus,Nothofagus obliqua,-39.611,-73.213,NA,SALVIAS,Gentry Transect Dataset,James S. MIller,NA,NA,14
Nothofagus,Nothofagus dombeyi,-35.8156,-70.8906,NA,GBIF,F,F,F,Botany,3567
Nothofagus,Nothofagus betuloides,-54.8,-65.283333,1971-10-13,GBIF,E,E,E,E,3550
Nothofagus,Nothofagus antarctica,-35.3869,-64.9208,NA,GBIF,F,F,F,Botany,3567
Nothofagus,Nothofagus betuloides,-50.333333,-73.233333,1953-01-01,GBIF,MEL,MEL,MEL,MEL,3283
Nothofagus,Nothofagus dombeyi,-41.053547,-72.062073,1973-11-24,GBIF,MB,MB,MB,MBcoll,3487
Nothofagus,Nothofagus dombeyi,-41.029438,-71.814278,1973-12-30,GBIF,MB,MB,MB,MBcoll,3487
Nothofagus,Nothofagus pumilio,-49.76,-72.09,NA,GBIF,SI,SI,SI,HERB,3669
Nothofagus,Nothofagus pumilio,-35.8156,-70.8906,NA,GBIF,F,F,F,Botany,3567
Nothofagus,Nothofagus dombeyi,-36.9,-71.47,1986-11-13,GBIF,MA,MA,MA,MA,3753
Nothofagus,Nothofagus dombeyi,-41.053547,-72.062073,1973-11-24,GBIF,MB,MB,MB,MBcoll,3487
Nothofagus,Nothofagus betuloides,-54.86666,-67.41666,1967-05-28,GBIF,UConn,UConn,UConn,CONN,1754
Nothofagus,Nothofagus alpina,-39.549061115159304,-72.05153008539253,1984-04-16,GBIF,HO,HO,HO,HO,3572
Nothofagus,Nothofagus obliqua,-36.878056,-71.463611,2013-01-14,GBIF,E,E,E,E,3550
Nothofagus,Nothofagus dombeyi,-41.053547,-72.062073,1973-11-24,GBIF,MB,MB,MB,MBcoll,3487
Nothofagus,Nothofagus dombeyi,-35.8156,-70.8906,NA,GBIF,F,F,F,Botany,3567
Nothofagus,Nothofagus betuloides,-50.5,-72.66666,1953-01-01,MO,MO,MO,MO,NA,280
Nothofagus,Nothofagus pumilio,-41.15,-71.383333,1942-01-14,GBIF,MEL,MEL,MEL,MEL,3283
Nothofagus,Nothofagus macrocarpa,-32.99,-71.005278,2017-01-04,GBIF,E,E,E,E,3550
Nothofagus,Nothofagus antarctica,-38.249167,-72.51,1998-03-09,GBIF,E,E,E,E,3550
Nothofagus,Nothofagus obliqua,-38.027634,-73.204132,1973-11-22,GBIF,MB,MB,MB,MBcoll,3487
Nothofagus,Nothofagus dombeyi,-36.22,-71.23,1999-04-03,GBIF,MA,MA,MA,MA,3753
Nothofagus,Nothofagus antarctica,-35.8156,-70.8906,NA,GBIF,F,F,F,Botany,3567
Nothofagus,Nothofagus betuloides,-54.883333,-65.416667,1971-10-15,GBIF,E,E,E,E,3550
Nothofagus,Nothofagus dombeyi,-41.053547,-72.062073,1973-11-24,GBIF,MB,MB,MB,MBcoll,3487
Nothofagus,Nothofagus nitida,-35.8156,-70.8906,NA,GBIF,F,F,F,Botany,3567
Nothofagus,Nothofagus dombeyi,-41.35,-71.53333,1948-02-01,GBIF,UConn,UConn,UConn,CONN,1754
Nothofagus,Nothofagus dombeyi,-38.72,-71.72,1987-06-12,GBIF,MA,MA,MA,MA,3753
Nothofagus,Nothofagus pumilio,-39.32,-71.27,NA,GBIF,WELT,WELT,WELT,WELT,3730
Nothofagus,Nothofagus dombeyi,-41.029438,-71.814278,1973-12-30,GBIF,MB,MB,MB,MBcoll,3487
Nothofagus,Nothofagus betuloides,-54.801903,-68.359337,1973-12-07,GBIF,MB,MB,MB,MBcoll,3487
Nothofagus,Nothofagus obliqua,-35.8156,-70.8906,NA,GBIF,F,F,F,Botany,3567
Nothofagus,Nothofagus pumilio,-54.841064,-68.514519,1973-12-05,GBIF,MB,MB,MB,MBcoll,3487
Nothofagus,Nothofagus nitida,-40.23,-73.421,NA,SALVIAS,Gentry Transect Dataset,James S. MIller,NA,NA,14
Nothofagus,Nothofagus antarctica,-37.54,-73.22,2002-01-01,GBIF,MA,MA,MA,MA,3753
Nothofagus,Nothofagus betuloides,-54.96,-66.75,NA,GBIF,SI,SI,SI,HERB,3669
Nothofagus,Nothofagus betuloides,-55.97,-67.27,1981-11-15,GBIF,MA,MA,MA,MA,3753
Nothofagus,Nothofagus dombeyi,-41.05769,-71.523743,1974-01-03,GBIF,MB,MB,MB,MBcoll,3487
Nothofagus,Nothofagus obliqua,-35.8156,-70.8906,NA,GBIF,F,F,F,Botany,3567
Nothofagus,Nothofagus obliqua,-40.5313,-72.79144,NA,GBIF,MNHN,MNHN,MNHN,P,3541
Nothofagus,Nothofagus dombeyi,-40.13333,-71.46666,1997-12-09,MO,"ARIZ, BAB, K, MO, NY, US","ARIZ, BAB, K, MO, NY, US","ARIZ, BAB, K, MO, NY, US",NA,280
Nothofagus,Nothofagus obliqua,-35.8156,-70.8906,NA,GBIF,F,F,F,Botany,3567
Nothofagus,Nothofagus dombeyi,-41.032837,-72.045593,1973-11-25,GBIF,MB,MB,MB,MBcoll,3487
Nothofagus,Nothofagus obliqua,-39.611,-73.213,NA,SALVIAS,Gentry Transect Dataset,James S. MIller,NA,NA,14
Nothofagus,Nothofagus betuloides,-52.52,-72.06,1992-11-25,GBIF,MA,MA,MA,MA,3753
Nothofagus,Nothofagus obliqua,-38.027634,-73.204132,1973-11-22,GBIF,MB,MB,MB,MBcoll,3487
Nothofagus,Nothofagus alpina,-35.8156,-70.8906,NA,GBIF,F,F,F,Botany,3567
Nothofagus,Nothofagus dombeyi,-41.053547,-72.062073,1973-11-24,GBIF,MB,MB,MB,MBcoll,3487
Nothofagus,Nothofagus obliqua,-35.8156,-70.8906,1990-12-18,GBIF,F,F,F,Botany,3567
Nothofagus,Nothofagus dombeyi,-35.3869,-64.9208,NA,GBIF,F,F,F,Botany,3567
Nothofagus,Nothofagus betuloides,-54.801903,-68.359337,1973-12-07,GBIF,MB,MB,MB,MBcoll,3487
Nothofagus,Nothofagus antarctica,-54.75604,-64.02,1971-10-23,GBIF,MNHN,MNHN,MNHN,P,3541
Nothofagus,Nothofagus antarctica,-35.81,-72.48,2001-08-01,GBIF,MA,MA,MA,MA,3753
Nothofagus,Nothofagus dombeyi,-35.3869,-64.9208,NA,GBIF,F,F,F,Botany,3567
Nothofagus,Nothofagus alpina,-35.8156,-70.8906,1990-12-18,GBIF,F,F,F,Botany,3567
Nothofagus,Nothofagus antarctica,-54.54,-70.59,1991-03-19,GBIF,MA,MA,MA,MA,3753
Nothofagus,Nothofagus betuloides,-37.78,-72.97,NA,GBIF,WELT,WELT,WELT,WELT,3730
Nothofagus,Nothofagus obliqua,-38.027634,-73.204132,1973-11-22,GBIF,MB,MB,MB,MBcoll,3487
Nothofagus,Nothofagus obliqua,-35.8156,-70.8906,NA,GBIF,F,F,F,Botany,3567
Nothofagus,Nothofagus dombeyi,-39.0125,-71.700278,2002-09-15,GBIF,E,E,E,E,3550
Nothofagus,Nothofagus dombeyi,-41.029438,-71.814278,1973-12-30,GBIF,MB,MB,MB,MBcoll,3487
Nothofagus,Nothofagus antarctica,-50.125027,-72.999438,NA,GBIF,MACN,MACN,MACN,BA V,2228
Nothofagus,Nothofagus nitida,-35.8156,-70.8906,NA,GBIF,F,F,F,Botany,3567
Nothofagus,Nothofagus dombeyi,-41.032837,-72.045593,1973-11-25,GBIF,MB,MB,MB,MBcoll,3487
Nothofagus,Nothofagus betuloides,-35.8156,-70.8906,NA,GBIF,F,F,F,Botany,3567
Nothofagus,Nothofagus obliqua,-37.683333,-71.283333,1993-02-18,GBIF,E,E,E,E,3550
Nothofagus,Nothofagus betuloides,-38.683333,-71.716667,NA,GBIF,E,E,E,E,3550
Nothofagus,Nothofagus obliqua,-40.582393938248956,-73.001548886655,1984-04-16,GBIF,HO,HO,HO,HO,3572
Nothofagus,Nothofagus dombeyi,-41.053547,-72.062073,1973-11-24,GBIF,MB,MB,MB,MBcoll,3487
Nothofagus,Nothofagus antarctica,-37.85958,-71.07314,NA,GBIF,IANIGLA,IANIGLA,IANIGLA,XFR,2712
Nothofagus,Nothofagus dombeyi,-41.012119,-71.81488,1973-12-30,GBIF,MB,MB,MB,MBcoll,3487
Nothofagus,Nothofagus pumilio,-54.841064,-68.514519,1973-12-05,GBIF,MB,MB,MB,MBcoll,3487
Nothofagus,Nothofagus nitida,-35.8156,-70.8906,NA,GBIF,F,F,F,Botany,3567
Nothofagus,Nothofagus antarctica,-35.8156,-70.8906,NA,GBIF,F,F,F,Botany,3567
Nothofagus,Nothofagus pumilio,-42.810833,-71.669444,1940-12-10,GBIF,MEL,MEL,MEL,MEL,3283
Nothofagus,Nothofagus antarctica,-35.8156,-70.8906,NA,GBIF,F,F,F,Botany,3567
Nothofagus,Nothofagus alpina,-35.8156,-70.8906,NA,GBIF,F,F,F,Botany,3567
Nothofagus,Nothofagus obliqua,-38.027634,-73.204132,1973-11-22,GBIF,MB,MB,MB,MBcoll,3487
Nothofagus,Nothofagus dombeyi,-40.13,-71.47,NA,GBIF,BAB,BAB,BAB,HERB,3614
Nothofagus,Nothofagus dombeyi,-41.053547,-72.062073,1973-11-24,GBIF,MB,MB,MB,MBcoll,3487
Nothofagus,Nothofagus betuloides,-54.865278000000004,-67.353611,2009-01-17,GBIF,JBRJ,JBRJ,JBRJ,RB,1928
Nothofagus,Nothofagus glauca,-35.8156,-70.8906,NA,GBIF,F,F,F,Botany,3567
Nothofagus,Nothofagus pumilio,-50.465527,-72.842102,1973-12-17,GBIF,MB,MB,MB,MBcoll,3487
Nothofagus,Nothofagus glauca,-35.851944,-71.162222,2017-02-15,GBIF,E,E,E,E,3550
Nothofagus,Nothofagus pumilio,-50.125027,-72.999438,NA,GBIF,MACN,MACN,MACN,BA V,2228
Nothofagus,Nothofagus dombeyi,-41.029438,-71.814278,1973-12-30,GBIF,MB,MB,MB,MBcoll,3487
Nothofagus,Nothofagus pumilio,-42.816667,-71.666667,1944-02-03,GBIF,MEL,MEL,MEL,MEL,3283
Nothofagus,Nothofagus antarctica,-49.84,-73.2,NA,GBIF,SI,SI,SI,HERB,3669
Nothofagus,Nothofagus pumilio,-54.654003,-67.799721,1973-12-07,GBIF,MB,MB,MB,MBcoll,3487
Nothofagus,Nothofagus betuloides,-54.86666,-67.41666,1967-10-28,GBIF,UConn,UConn,UConn,CONN,1754
Nothofagus,Nothofagus antarctica,-50.479092,-72.789917,1973-12-16,GBIF,MB,MB,MB,MBcoll,3487
Nothofagus,Nothofagus antarctica,-37.85958,-71.07314,NA,GBIF,IANIGLA,IANIGLA,IANIGLA,XFR,2712
Nothofagus,Nothofagus obliqua,-35.8156,-70.8906,NA,GBIF,F,F,F,Botany,3567
Nothofagus,Nothofagus obliqua,-37.683333,-71.283333,1993-02-18,GBIF,E,E,E,E,3550
Nothofagus,Nothofagus dombeyi,-41.05769,-71.523743,1974-01-03,GBIF,MB,MB,MB,MBcoll,3487
Nothofagus,Nothofagus pumilio,-54.801903,-68.359337,1973-12-07,GBIF,MB,MB,MB,MBcoll,3487
Nothofagus,Nothofagus dombeyi,-35.3869,-64.9208,NA,GBIF,F,F,F,Botany,3567
Nothofagus,Nothofagus dombeyi,-41.053547,-72.062073,1973-11-24,GBIF,MB,MB,MB,MBcoll,3487
Nothofagus,Nothofagus alpina,-35.8156,-70.8906,NA,GBIF,F,F,F,Botany,3567
Nothofagus,Nothofagus betuloides,-54.801903,-68.359337,1973-12-07,GBIF,MB,MB,MB,MBcoll,3487
Nothofagus,Nothofagus betuloides,-54.903194,-67.113389,2006-12-14,GBIF,UTEP,UTEP,UTEP,Plant specimens,3326
Nothofagus,Nothofagus dombeyi,-41.053547,-72.062073,1973-11-24,GBIF,MB,MB,MB,MBcoll,3487
Nothofagus,Nothofagus dombeyi,-40.18,-71.32,NA,GBIF,MBM,MBM,MBM,HERB,3422
Nothofagus,Nothofagus pumilio,-50.125027,-72.999438,NA,GBIF,MACN,MACN,MACN,BA V,2228
Nothofagus,Nothofagus obliqua,-34.529,-71.0954,NA,GBIF,MNHN,MNHN,MNHN,P,3541
Nothofagus,Nothofagus obliqua,-38.2025,-71.804444,1998-04-15,GBIF,E,E,E,E,3550
Nothofagus,Nothofagus alpina,-36.8725,-71.628333,2012-04-01,GBIF,E,E,E,E,3550
Nothofagus,Nothofagus antarctica,-49.963871,-73.133778,NA,GBIF,MACN,MACN,MACN,BA V,2228
Nothofagus,Nothofagus betuloides,-54.96,-66.75,NA,GBIF,NSW,NSW,NSW,HERB,3466
Nothofagus,Nothofagus dombeyi,-35.8156,-70.8906,NA,GBIF,F,F,F,Botany,3567
Nothofagus,Nothofagus betuloides,-54.75,-64.05,1971-10-23,MO,MO,MO,MO,NA,280
Nothofagus,Nothofagus antarctica,-53.43333,-68.18333,1977-01-25,GBIF,UConn,UConn,UConn,CONN,1754
Nothofagus,Nothofagus antarctica,-50.155581,-73.16604,NA,GBIF,MACN,MACN,MACN,BA V,2228
Nothofagus,Nothofagus dombeyi,-41.053547,-72.062073,1973-11-24,GBIF,MB,MB,MB,MBcoll,3487
Nothofagus,Nothofagus pumilio,-54.801903,-68.359337,1973-12-07,GBIF,MB,MB,MB,MBcoll,3487
Nothofagus,Nothofagus nitida,-43.85,-73.91666,1984-01-01,MO,MO,MO,MO,NA,280
Nothofagus,Nothofagus dombeyi,-41.053547,-72.062073,1973-11-24,GBIF,MB,MB,MB,MBcoll,3487
Nothofagus,Nothofagus pumilio,-54.841064,-68.514519,1973-12-05,GBIF,MB,MB,MB,MBcoll,3487
Nothofagus,Nothofagus pumilio,-49.76,-72.09,NA,GBIF,SI,SI,SI,HERB,3669
Nothofagus,Nothofagus obliqua,-35.8156,-70.8906,NA,GBIF,F,F,F,Botany,3567
Nothofagus,Nothofagus nitida,-55.84794,-67.71541,1839-01-01,GBIF,MNHN,MNHN,MNHN,P,3541
Nothofagus,Nothofagus antarctica,-54.8,-68.33333,1979-03-18,MO,"MO, SI","MO, SI","MO, SI",NA,280
Nothofagus,Nothofagus dombeyi,-35.8156,-70.8906,NA,GBIF,F,F,F,Botany,3567
Nothofagus,Nothofagus antarctica,-35.3869,-64.9208,NA,GBIF,F,F,F,Botany,3567
Nothofagus,Nothofagus dombeyi,-41.032837,-72.045593,1973-11-25,GBIF,MB,MB,MB,MBcoll,3487
Nothofagus,Nothofagus obliqua,-37.871389,-71.639167,1996-02-27,GBIF,E,E,E,E,3550
Nothofagus,Nothofagus dombeyi,-41.137547,-72.537231,1973-11-26,GBIF,MB,MB,MB,MBcoll,3487
Nothofagus,Nothofagus betuloides,-54.8,-65.266667,1971-10-14,GBIF,E,E,E,E,3550
Nothofagus,Nothofagus pumilio,-54.654003,-67.799721,1973-12-07,GBIF,MB,MB,MB,MBcoll,3487
Nothofagus,Nothofagus obliqua,-39.611,-73.213,NA,SALVIAS,Gentry Transect Dataset,James S. MIller,NA,NA,14
Nothofagus,Nothofagus pumilio,-54.795876,-68.379333,1973-12-05,GBIF,MB,MB,MB,MBcoll,3487
Nothofagus,Nothofagus pumilio,-35.8156,-70.8906,NA,GBIF,F,F,F,Botany,3567
Nothofagus,Nothofagus obliqua,-32.883333,-71.1,1993-02-06,GBIF,E,E,E,E,3550
Nothofagus,Nothofagus obliqua,-34.58586,-70.99078,1818-12-01,GBIF,MNHN,MNHN,MNHN,P,3541
Nothofagus,Nothofagus pumilio,-40.25,-71.37,NA,GBIF,HRP,HRP,HRP,HERB,3308
Nothofagus,Nothofagus betuloides,-54.838306,-68.486794,1973-12-04,GBIF,MB,MB,MB,MBcoll,3487
Nothofagus,Nothofagus obliqua,-36.78333,-71.75,1993-10-16,MO,MO,MO,MO,NA,280
Nothofagus,Nothofagus alpina,-40.25194,-72.15806,1854-12-01,GBIF,MNHN,MNHN,MNHN,P,3541
Nothofagus,Nothofagus betuloides,-54.8,-65.26666,1971-10-13,MO,MO,MO,MO,NA,280
Nothofagus,Nothofagus dombeyi,-40.699074161181706,-72.23488180748681,1984-04-16,GBIF,HO,HO,HO,HO,3572
Nothofagus,Nothofagus dombeyi,-41.053547,-72.062073,1973-11-24,GBIF,MB,MB,MB,MBcoll,3487
Nothofagus,Nothofagus alpina,-35.8156,-70.8906,NA,GBIF,F,F,F,Botany,3567
Nothofagus,Nothofagus nitida,-49,-74.55,1988-12-14,GBIF,MA,MA,MA,MA,3753
Nothofagus,Nothofagus antarctica,-54.329037,-67.339325,1973-12-10,GBIF,MB,MB,MB,MBcoll,3487
Nothofagus,Nothofagus obliqua,-35.8156,-70.8906,NA,GBIF,F,F,F,Botany,3567
Nothofagus,Nothofagus dombeyi,-42.810833,-71.669444,1944-02-03,GBIF,MEL,MEL,MEL,MEL,3283
Nothofagus,Nothofagus obliqua,-35.8156,-70.8906,NA,GBIF,F,F,F,Botany,3567
Nothofagus,Nothofagus antarctica,-54.841064,-68.514519,1973-12-05,GBIF,MB,MB,MB,MBcoll,3487
Nothofagus,Nothofagus macrocarpa,-34.016667,-71.466667,1985-11-01,GBIF,MEL,MEL,MEL,MEL,3283
Nothofagus,Nothofagus betuloides,-54.801903,-68.359337,1973-12-07,GBIF,MB,MB,MB,MBcoll,3487
Nothofagus,Nothofagus dombeyi,-42.1,-71.7,1955-02-10,MO,SI,SI,SI,NA,280
Nothofagus,Nothofagus antarctica,-39.23,-70.4,NA,GBIF,WELT,WELT,WELT,WELT,3730
Nothofagus,Nothofagus antarctica,-37.85958,-71.07314,NA,GBIF,IANIGLA,IANIGLA,IANIGLA,XFR,2712
Nothofagus,Nothofagus betuloides,-50.248377,-73.345738,NA,GBIF,MACN,MACN,MACN,BA V,2228
Nothofagus,Nothofagus antarctica,-51.63,-73.4,1987-11-24,GBIF,MA,MA,MA,MA,3753
Nothofagus,Nothofagus dombeyi,-35.3869,-64.9208,NA,GBIF,F,F,F,Botany,3567
Nothofagus,Nothofagus nitida,-46.68,-74.02,1988-01-24,GBIF,MA,MA,MA,MA,3753
Nothofagus,Nothofagus antarctica,-35.3869,-64.9208,NA,GBIF,F,F,F,Botany,3567
Nothofagus,Nothofagus pumilio,-50.333333,-73.233333,1953-01-01,GBIF,MEL,MEL,MEL,MEL,3283
Nothofagus,Nothofagus antarctica,-54.833333,-64.416667,1971-11-02,GBIF,E,E,E,E,3550
Nothofagus,Nothofagus antarctica,-35.8156,-70.8906,NA,GBIF,F,F,F,Botany,3567
Nothofagus,Nothofagus betuloides,-40.23,-73.421,NA,SALVIAS,Gentry Transect Dataset,James S. MIller,NA,NA,14
Nothofagus,Nothofagus antarctica,-54.783333,-64.1,1971-10-20,GBIF,E,E,E,E,3550
Nothofagus,Nothofagus nitida,-45.9,-73.366667,1992-03-04,GBIF,E,E,E,E,3550
Nothofagus,Nothofagus betuloides,-54.792454,-68.38028,1973-12-05,GBIF,MB,MB,MB,MBcoll,3487
Nothofagus,Nothofagus pumilio,-49.76,-72.09,NA,GBIF,SI,SI,SI,HERB,3669
Nothofagus,Nothofagus dombeyi,-41.032837,-72.045593,1973-11-25,GBIF,MB,MB,MB,MBcoll,3487
Nothofagus,Nothofagus antarctica,-35.8156,-70.8906,NA,GBIF,F,F,F,Botany,3567
Nothofagus,Nothofagus dombeyi,-35.8156,-70.8906,NA,GBIF,F,F,F,Botany,3567
Nothofagus,Nothofagus betuloides,-54.801903,-68.359337,1973-12-07,GBIF,MB,MB,MB,MBcoll,3487
Nothofagus,Nothofagus pumilio,-35.8156,-70.8906,NA,GBIF,F,F,F,Botany,3567
Nothofagus,Nothofagus obliqua,-39.766667,-73.25,1975-09-01,GBIF,MEL,MEL,MEL,MEL,3283
Nothofagus,Nothofagus antarctica,-40.88,-71.205,NA,GBIF,WELT,WELT,WELT,WELT,3730
Nothofagus,Nothofagus dombeyi,-42.6,-71.9,1979-01-01,MO,MO,MO,MO,NA,280
Nothofagus,Nothofagus antarctica,-54.75,-64.05,1903-11-18,GBIF,LD,LD,LD,General,3425
Nothofagus,Nothofagus dombeyi,-41.032837,-72.045593,1973-11-25,GBIF,MB,MB,MB,MBcoll,3487
Nothofagus,Nothofagus antarctica,-50.479092,-72.789917,1973-12-16,GBIF,MB,MB,MB,MBcoll,3487
Nothofagus,Nothofagus antarctica,-50.479092,-72.789917,1973-12-16,GBIF,MB,MB,MB,MBcoll,3487
Nothofagus,Nothofagus dombeyi,-40.18,-71.32,NA,GBIF,K,K,K,HERB,3716
Nothofagus,Nothofagus nitida,-40.23,-73.421,NA,SALVIAS,Gentry Transect Dataset,James S. MIller,NA,NA,14
Nothofagus,Nothofagus pumilio,-54.795876,-68.379333,1973-12-05,GBIF,MB,MB,MB,MBcoll,3487
Nothofagus,Nothofagus dombeyi,-41.032837,-72.045593,1973-11-25,GBIF,MB,MB,MB,MBcoll,3487
Nothofagus,Nothofagus antarctica,-35.8156,-70.8906,NA,GBIF,F,F,F,Botany,3567
Nothofagus,Nothofagus nitida,-43.11666,-73.7,1984-02-03,MO,MO,MO,MO,NA,280
Nothofagus,Nothofagus obliqua,-39.81712,-73.18194,1904-10-05,GBIF,MNHN,MNHN,MNHN,P,3541
Nothofagus,Nothofagus antarctica,-40.77,-72.15,NA,GBIF,WELT,WELT,WELT,WELT,3730
Nothofagus,Nothofagus dombeyi,-35.8156,-70.8906,NA,GBIF,F,F,F,Botany,3567
Nothofagus,Nothofagus nitida,-41.553889,-72.604167,2017-03-15,GBIF,E,E,E,E,3550
Nothofagus,Nothofagus pumilio,-44.933333,-71.433333,1932-02-09,GBIF,MEL,MEL,MEL,MEL,3283
Nothofagus,Nothofagus pumilio,-53.4,-71.38,NA,GBIF,WELT,WELT,WELT,WELT,3730
Nothofagus,Nothofagus pumilio,-50.125027,-72.999438,NA,GBIF,MACN,MACN,MACN,BA V,2228
Nothofagus,Nothofagus antarctica,-35.3869,-64.9208,NA,GBIF,F,F,F,Botany,3567
Nothofagus,Nothofagus pumilio,-35.8156,-70.8906,NA,GBIF,F,F,F,Botany,3567
Nothofagus,Nothofagus pumilio,-35.3869,-64.9208,NA,GBIF,F,F,F,Botany,3567
Nothofagus,Nothofagus pumilio,-54.597004,-68.345947,1973-12-11,GBIF,MB,MB,MB,MBcoll,3487
Nothofagus,Nothofagus pumilio,-36.83333,-71.41666,1991-11-20,MO,MO,MO,MO,NA,280
Nothofagus,Nothofagus glauca,-35.8156,-70.8906,NA,GBIF,F,F,F,Botany,3567
Nothofagus,Nothofagus dombeyi,-41.053547,-72.062073,1973-11-24,GBIF,MB,MB,MB,MBcoll,3487
Nothofagus,Nothofagus betuloides,-54.801903,-68.359337,1973-12-07,GBIF,MB,MB,MB,MBcoll,3487
Nothofagus,Nothofagus betuloides,-35.8156,-70.8906,NA,GBIF,F,F,F,Botany,3567
Nothofagus,Nothofagus antarctica,-36.91,-71.37,1986-11-13,GBIF,MA,MA,MA,MA,3753
Nothofagus,Nothofagus alpina,-39.7833,-71.95,1975-10-01,GBIF,CANB,CANB,CANB,CANB,3664
Nothofagus,Nothofagus dombeyi,-35.3869,-64.9208,NA,GBIF,F,F,F,Botany,3567
Nothofagus,Nothofagus dombeyi,-41.053547,-72.062073,1973-11-24,GBIF,MB,MB,MB,MBcoll,3487
Nothofagus,Nothofagus betuloides,-54.838306,-68.486794,1973-12-04,GBIF,MB,MB,MB,MBcoll,3487
Nothofagus,Nothofagus pumilio,-41.213889,-71.500278,1946-01-01,GBIF,MEL,MEL,MEL,MEL,3283
Nothofagus,Nothofagus pumilio,-35.8156,-70.8906,NA,GBIF,F,F,F,Botany,3567
Nothofagus,Nothofagus dombeyi,-35.3869,-64.9208,NA,GBIF,F,F,F,Botany,3567
Nothofagus,Nothofagus antarctica,-54.58333,-67.31666,1971-11-21,MO,MO,MO,MO,NA,280
Nothofagus,Nothofagus pumilio,-35.8156,-70.8906,NA,GBIF,F,F,F,Botany,3567
Nothofagus,Nothofagus pumilio,-51.17,-72.83,NA,GBIF,SGO,SGO,SGO,HERB,3426
Nothofagus,Nothofagus antarctica,-49.15,-74.55,1988-12-14,GBIF,MA,MA,MA,MA,3753
Nothofagus,Nothofagus pumilio,-50.465527,-72.842102,1973-12-17,GBIF,MB,MB,MB,MBcoll,3487
Nothofagus,Nothofagus obliqua,-35.8156,-70.8906,NA,GBIF,F,F,F,Botany,3567
Nothofagus,Nothofagus dombeyi,-38.66666,-72,1996-01-30,MO,MO,MO,MO,NA,280
Nothofagus,Nothofagus dombeyi,-39.676945,-71.529236,1973-12-28,GBIF,MB,MB,MB,MBcoll,3487
Nothofagus,Nothofagus obliqua,-35.8156,-70.8906,NA,GBIF,F,F,F,Botany,3567
Nothofagus,Nothofagus antarctica,-41.150002,-72.150002,1942-10-02,GBIF,B,B,B,Herbarium Berolinense,3617
Nothofagus,Nothofagus dombeyi,-35.3869,-64.9208,NA,GBIF,F,F,F,Botany,3567
Nothofagus,Nothofagus obliqua,-36.86,-71.5,1992-05-12,GBIF,MA,MA,MA,MA,3753
Nothofagus,Nothofagus alpina,-37.8525,-71.37389,NA,GBIF,G,G,G,Geneva Herbarium â€“ General Collection (G),3547
Nothofagus,Nothofagus pumilio,-54.654003,-67.799721,1973-12-07,GBIF,MB,MB,MB,MBcoll,3487
Nothofagus,Nothofagus dombeyi,-41.053547,-72.062073,1973-11-24,GBIF,MB,MB,MB,MBcoll,3487
Nothofagus,Nothofagus antarctica,-35.3869,-64.9208,NA,GBIF,F,F,F,Botany,3567
Nothofagus,Nothofagus antarctica,-35.3869,-64.9208,NA,GBIF,F,F,F,Botany,3567
Nothofagus,Nothofagus antarctica,-51.22,-73.16,1994-11-17,GBIF,MA,MA,MA,MA,3753
Nothofagus,Nothofagus pumilio,-54.792454,-68.38028,1973-12-05,GBIF,MB,MB,MB,MBcoll,3487
Nothofagus,Nothofagus glauca,-35.85,-71.1,NA,GBIF,CONC,CONC,CONC,HERB,3749
Nothofagus,Nothofagus antarctica,-35.8156,-70.8906,NA,GBIF,F,F,F,Botany,3567
Nothofagus,Nothofagus pumilio,-53.97,-70.06,1994-01-23,GBIF,MA,MA,MA,MA,3753
Nothofagus,Nothofagus pumilio,-54.801903,-68.359337,1973-12-07,GBIF,MB,MB,MB,MBcoll,3487
Nothofagus,Nothofagus betuloides,-54.964722,-66.748056,2004-12-28,GBIF,NE,NE,NE,NE,3783
Nothofagus,Nothofagus betuloides,-35.8156,-70.8906,NA,GBIF,F,F,F,Botany,3567
Nothofagus,Nothofagus antarctica,-55.833333,-67.666667,1839-01-01,GBIF,MEL,MEL,MEL,MEL,3283
Nothofagus,Nothofagus betuloides,-49.76,-72.09,NA,GBIF,SI,SI,SI,HERB,3669
Nothofagus,Nothofagus pumilio,-41.216,-71,1964-01-23,MO,MO,MO,MO,NA,280
Nothofagus,Nothofagus pumilio,-35.8156,-70.8906,NA,GBIF,F,F,F,Botany,3567
Nothofagus,Nothofagus antarctica,-51.1077778,-72.9866666,1991-01-23,MO,MO,MO,MO,NA,280
Nothofagus,Nothofagus pumilio,-40.25,-71.36666,1997-12-10,MO,"ARIZ, BAB, K, MO, NY, US","ARIZ, BAB, K, MO, NY, US","ARIZ, BAB, K, MO, NY, US",NA,280
Nothofagus,Nothofagus dombeyi,-41.053547,-72.062073,1973-11-24,GBIF,MB,MB,MB,MBcoll,3487
Nothofagus,Nothofagus betuloides,-46.67,-73.83,1959-01-31,GBIF,F,F,F,Botany,3567
Nothofagus,Nothofagus obliqua,-39.611,-73.213,NA,SALVIAS,Gentry Transect Dataset,James S. MIller,NA,NA,14
Nothofagus,Nothofagus pumilio,-54.795876,-68.379333,1973-12-05,GBIF,MB,MB,MB,MBcoll,3487
Nothofagus,Nothofagus pumilio,-54.766016946172044,-68.30196744214543,1984-03-28,GBIF,HO,HO,HO,HO,3572
Nothofagus,Nothofagus dombeyi,-41.029438,-71.814278,1973-12-30,GBIF,MB,MB,MB,MBcoll,3487
Nothofagus,Nothofagus antarctica,-39.767857,-71.581421,1973-12-28,GBIF,MB,MB,MB,MBcoll,3487
Nothofagus,Nothofagus pumilio,-49.76,-72.09,NA,GBIF,SI,SI,SI,HERB,3669
Nothofagus,Nothofagus pumilio,-41.1,-71.566667,1945-01-27,GBIF,MEL,MEL,MEL,MEL,3283
Nothofagus,Nothofagus dombeyi,-41.05769,-71.523743,1974-01-03,GBIF,MB,MB,MB,MBcoll,3487
Nothofagus,Nothofagus betuloides,-49.76,-72.09,NA,GBIF,SI,SI,SI,HERB,3669
Nothofagus,Nothofagus antarctica,-54.883333,-65.416667,1971-10-15,GBIF,E,E,E,E,3550
Nothofagus,Nothofagus pumilio,-41.177944,-71.460167,2006-12-09,GBIF,UTEP,UTEP,UTEP,Plant specimens,3326
Nothofagus,Nothofagus dombeyi,-39.676945,-71.529236,1973-12-28,GBIF,MB,MB,MB,MBcoll,3487
Nothofagus,Nothofagus antarctica,-35.8156,-70.8906,NA,GBIF,F,F,F,Botany,3567
Nothofagus,Nothofagus betuloides,-54.8652778,-67.3536111,2009-01-17,SpeciesLink,JBRJ,JBRJ,JBRJ,JBRJ_RB,249
Nothofagus,Nothofagus obliqua,-38.027634,-73.204132,1973-11-22,GBIF,MB,MB,MB,MBcoll,3487
Nothofagus,Nothofagus nitida,-41.5,-72.583333,1986-01-19,GBIF,E,E,E,E,3550
Nothofagus,Nothofagus alpina,-36.61666,-71.43333,2001-11-04,MO,MO,MO,MO,NA,280
Nothofagus,Nothofagus pumilio,-54.795876,-68.379333,1973-12-05,GBIF,MB,MB,MB,MBcoll,3487
Nothofagus,Nothofagus betuloides,-40.23,-73.421,NA,SALVIAS,Gentry Transect Dataset,James S. MIller,NA,NA,14
Nothofagus,Nothofagus glauca,-35.8156,-70.8906,NA,GBIF,F,F,F,Botany,3567
Nothofagus,Nothofagus nitida,-40.23,-73.421,NA,SALVIAS,Gentry Transect Dataset,James S. MIller,NA,NA,14
Nothofagus,Nothofagus alpina,-38.66666,-72,1996-02-03,MO,MO,MO,MO,NA,280
Nothofagus,Nothofagus dombeyi,-41.032837,-72.045593,1973-11-25,GBIF,MB,MB,MB,MBcoll,3487
Nothofagus,Nothofagus pumilio,-35.8156,-70.8906,NA,GBIF,F,F,F,Botany,3567
Nothofagus,Nothofagus pumilio,-54.801903,-68.359337,1973-12-07,GBIF,MB,MB,MB,MBcoll,3487
Nothofagus,Nothofagus antarctica,-35.3869,-64.9208,NA,GBIF,F,F,F,Botany,3567
Nothofagus,Nothofagus pumilio,-35.8156,-70.8906,NA,GBIF,F,F,F,Botany,3567
Nothofagus,Nothofagus dombeyi,-41.029438,-71.814278,1973-12-30,GBIF,MB,MB,MB,MBcoll,3487
Nothofagus,Nothofagus dombeyi,-41.032837,-72.045593,1973-11-25,GBIF,MB,MB,MB,MBcoll,3487
Nothofagus,Nothofagus pumilio,-41.15,-71.383333,1942-01-14,GBIF,MEL,MEL,MEL,MEL,3283
