Reference,Study_common_taxon,Site_name,Sampling_effort,Longitude,Latitude,species,Measurement,Effort_corrected_measurement
Cameron et al. 2011,Hymenoptera,"Santor, 3 mi E, Black Hills NF_09",30,-103.5605,43.7072,Bombus bifarius,4,22.666666666666664
Cameron et al. 2011,Hymenoptera,"Santor, 3 mi E, Black Hills NF_09",30,-103.5605,43.7072,Bombus impatiens,0,0
Cameron et al. 2011,Hymenoptera,1 mi. E of Norman (OK08.site02)_08,30,-97.36465,35.18917,Bombus bifarius,0,0
Cameron et al. 2011,Hymenoptera,1 mi. E of Norman (OK08.site02)_08,30,-97.36465,35.18917,Bombus impatiens,0,0
Cameron et al. 2011,Hymenoptera,Brookfield (Route 11) (MO08.site06)_08,30,-93.08075,39.7526,Bombus bifarius,0,0
Cameron et al. 2011,Hymenoptera,Brookfield (Route 11) (MO08.site06)_08,30,-93.08075,39.7526,Bombus impatiens,8,45.33333333333333
Cameron et al. 2011,Hymenoptera,Hwy 15 near Iowa border (MO08.site09)_08,30,-92.16366,40.50023,Bombus bifarius,0,0
Cameron et al. 2011,Hymenoptera,Hwy 15 near Iowa border (MO08.site09)_08,30,-92.16366,40.50023,Bombus impatiens,6,34
Cameron et al. 2011,Hymenoptera,near Hewitville/Taylorville (patch 2) (IL08.site13B)_08,30,-89.3416,39.51112,Bombus bifarius,0,0
Cameron et al. 2011,Hymenoptera,near Hewitville/Taylorville (patch 2) (IL08.site13B)_08,30,-89.3416,39.51112,Bombus impatiens,5,28.333333333333332
Cameron et al. 2011,Hymenoptera,near Hewitville/Taylorville (patch 1) (IL08.site13A)_08,30,-89.32839,39.52481,Bombus bifarius,0,0
Cameron et al. 2011,Hymenoptera,near Hewitville/Taylorville (patch 1) (IL08.site13A)_08,30,-89.32839,39.52481,Bombus impatiens,12,68
Cameron et al. 2011,Hymenoptera,"Meadowbrook Park, Urbana (IL08.site10)_08",30,-88.2025,40.083333,Bombus bifarius,0,0
Cameron et al. 2011,Hymenoptera,"Meadowbrook Park, Urbana (IL08.site10)_08",30,-88.2025,40.083333,Bombus impatiens,15,85
Cameron et al. 2011,Hymenoptera,W of Charles City (IA08.site04)_08,40,-92.6489,43.06555,Bombus bifarius,0,0
Cameron et al. 2011,Hymenoptera,W of Charles City (IA08.site04)_08,40,-92.6489,43.06555,Bombus impatiens,10,42.5
Cameron et al. 2011,Hymenoptera,Hwy 63 N of Oskaloosa (IA08.site03)_08,45,-92.64732,41.32979,Bombus bifarius,0,0
Cameron et al. 2011,Hymenoptera,Hwy 63 N of Oskaloosa (IA08.site03)_08,45,-92.64732,41.32979,Bombus impatiens,24,90.66666666666667
Cameron et al. 2011,Hymenoptera,Bixby State Park (IA08.site02)_08,45,-91.402,42.66992,Bombus bifarius,0,0
Cameron et al. 2011,Hymenoptera,Bixby State Park (IA08.site02)_08,45,-91.402,42.66992,Bombus impatiens,0,0
Cameron et al. 2011,Hymenoptera,Hwy 421 + US11 (KY09. site05)_09,45,-83.78448,37.2303,Bombus bifarius,0,0
Cameron et al. 2011,Hymenoptera,Hwy 421 + US11 (KY09. site05)_09,45,-83.78448,37.2303,Bombus impatiens,2,7.555555555555555
Cameron et al. 2011,Hymenoptera,between Sturgis & Deadwood (SD08.site01)_08,60,-103.6221,44.38871,Bombus bifarius,0,0
Cameron et al. 2011,Hymenoptera,between Sturgis & Deadwood (SD08.site01)_08,60,-103.6221,44.38871,Bombus impatiens,0,0
Cameron et al. 2011,Hymenoptera,Hwy 385 Junction with Sidney Park Rd (SD08.site02A)_08,60,-103.58942,43.66438,Bombus bifarius,40,113.33333333333333
Cameron et al. 2011,Hymenoptera,Hwy 385 Junction with Sidney Park Rd (SD08.site02A)_08,60,-103.58942,43.66438,Bombus impatiens,0,0
Cameron et al. 2011,Hymenoptera,Fort Stevenson State Park (ND08.site02)_08,60,-101.42668,47.59407,Bombus bifarius,9,25.5
Cameron et al. 2011,Hymenoptera,Fort Stevenson State Park (ND08.site02)_08,60,-101.42668,47.59407,Bombus impatiens,0,0
Cameron et al. 2011,Hymenoptera,N of Hwy 200 (ND08.site03)_08,60,-100.8227,47.49606,Bombus bifarius,2,5.666666666666666
Cameron et al. 2011,Hymenoptera,N of Hwy 200 (ND08.site03)_08,60,-100.8227,47.49606,Bombus impatiens,0,0
Cameron et al. 2011,Hymenoptera,Hwy 83 near SD border (ND08.site01)_08,60,-100.06829,46.01404,Bombus bifarius,1,2.833333333333333
Cameron et al. 2011,Hymenoptera,Hwy 83 near SD border (ND08.site01)_08,60,-100.06829,46.01404,Bombus impatiens,0,0
Cameron et al. 2011,Hymenoptera,8 mi east of Rush Center (Hwy 96) (KS08.site04)_08,60,-99.16946,38.46469,Bombus bifarius,0,0
Cameron et al. 2011,Hymenoptera,8 mi east of Rush Center (Hwy 96) (KS08.site04)_08,60,-99.16946,38.46469,Bombus impatiens,0,0
Cameron et al. 2011,Hymenoptera,nr Meers and Wichita Mts NWR (OK08.site01)_08,60,-98.51345,34.7842,Bombus bifarius,0,0
Cameron et al. 2011,Hymenoptera,nr Meers and Wichita Mts NWR (OK08.site01)_08,60,-98.51345,34.7842,Bombus impatiens,0,0
Cameron et al. 2011,Hymenoptera,Austin-Ladybird Johnson Wildflower Center (TX08.site01)_08,60,-97.870514,30.18556,Bombus bifarius,0,0
Cameron et al. 2011,Hymenoptera,Austin-Ladybird Johnson Wildflower Center (TX08.site01)_08,60,-97.870514,30.18556,Bombus impatiens,0,0
Cameron et al. 2011,Hymenoptera,Maxwell Wildlife Refuge (nr. Observation tower) (KS08.site03)_08,60,-97.45812,38.47591,Bombus bifarius,0,0
Cameron et al. 2011,Hymenoptera,Maxwell Wildlife Refuge (nr. Observation tower) (KS08.site03)_08,60,-97.45812,38.47591,Bombus impatiens,0,0
Cameron et al. 2011,Hymenoptera,1.5 mi west of Elgin (TX08.site02)_08,60,-97.45035,30.35093,Bombus bifarius,0,0
Cameron et al. 2011,Hymenoptera,1.5 mi west of Elgin (TX08.site02)_08,60,-97.45035,30.35093,Bombus impatiens,0,0
Cameron et al. 2011,Hymenoptera,Mead OK (OK09.site01)_09,60,-96.53535,33.9987,Bombus bifarius,0,0
Cameron et al. 2011,Hymenoptera,Mead OK (OK09.site01)_09,60,-96.53535,33.9987,Bombus impatiens,0,0
Cameron et al. 2011,Hymenoptera,5 mi North of Williamstown (Hwy 59) (KS08.site01)_08,60,-95.50159,39.14434,Bombus bifarius,0,0
Cameron et al. 2011,Hymenoptera,5 mi North of Williamstown (Hwy 59) (KS08.site01)_08,60,-95.50159,39.14434,Bombus impatiens,0,0
Cameron et al. 2011,Hymenoptera,"Galveston Island, 1 mi NW of Toll Bridge near San Louis Pass (TX08.site03)_08",60,-95.104178,29.094994,Bombus bifarius,0,0
Cameron et al. 2011,Hymenoptera,"Galveston Island, 1 mi NW of Toll Bridge near San Louis Pass (TX08.site03)_08",60,-95.104178,29.094994,Bombus impatiens,0,0
Cameron et al. 2011,Hymenoptera,Hwy 14 and TWP173 (MN08.site04)_08,60,-94.2115,44.27375,Bombus bifarius,0,0
Cameron et al. 2011,Hymenoptera,Hwy 14 and TWP173 (MN08.site04)_08,60,-94.2115,44.27375,Bombus impatiens,1,2.833333333333333
Cameron et al. 2011,Hymenoptera,near Devil's Den State Park (Hwy 74) (AR08.site02)_08,60,-94.15895,35.8207,Bombus bifarius,0,0
Cameron et al. 2011,Hymenoptera,near Devil's Den State Park (Hwy 74) (AR08.site02)_08,60,-94.15895,35.8207,Bombus impatiens,65,184.16666666666666
Cameron et al. 2011,Hymenoptera,Hwy 60 10 mi SW of Billings (MO09.site03)_09,60,-93.68428,36.96193,Bombus bifarius,0,0
Cameron et al. 2011,Hymenoptera,Hwy 60 10 mi SW of Billings (MO09.site03)_09,60,-93.68428,36.96193,Bombus impatiens,0,0
Cameron et al. 2011,Hymenoptera,Barksdale AF Base 1mi NW of Lucky (LA09.site01)_09,60,-93.67943,32.52578,Bombus bifarius,0,0
Cameron et al. 2011,Hymenoptera,Barksdale AF Base 1mi NW of Lucky (LA09.site01)_09,60,-93.67943,32.52578,Bombus impatiens,0,0
Cameron et al. 2011,Hymenoptera,"Hwy 60, 1 mi past Billings (MO08.site08)_08",60,-93.56777,37.05655,Bombus bifarius,0,0
Cameron et al. 2011,Hymenoptera,"Hwy 60, 1 mi past Billings (MO08.site08)_08",60,-93.56777,37.05655,Bombus impatiens,1,2.833333333333333
Cameron et al. 2011,Hymenoptera,Tucker Prairie (MO08.site05)_08,60,-91.98984,38.94897,Bombus bifarius,0,0
Cameron et al. 2011,Hymenoptera,Tucker Prairie (MO08.site05)_08,60,-91.98984,38.94897,Bombus impatiens,1,2.833333333333333
Cameron et al. 2011,Hymenoptera,"Kawishiwi, nr Lake One (MN08.site07)_08",60,-91.461389,47.94125,Bombus bifarius,0,0
Cameron et al. 2011,Hymenoptera,"Kawishiwi, nr Lake One (MN08.site07)_08",60,-91.461389,47.94125,Bombus impatiens,0,0
Cameron et al. 2011,Hymenoptera,"Great River Bluff State Park, Scenic Overlook Hwy 61 (MN08.site06)_08",60,-91.4277,43.97524,Bombus bifarius,0,0
Cameron et al. 2011,Hymenoptera,"Great River Bluff State Park, Scenic Overlook Hwy 61 (MN08.site06)_08",60,-91.4277,43.97524,Bombus impatiens,21,59.49999999999999
Cameron et al. 2011,Hymenoptera,Hwy 16 east of Sparta (WI08.site04)_08,60,-90.74896,43.94267,Bombus bifarius,0,0
Cameron et al. 2011,Hymenoptera,Hwy 16 east of Sparta (WI08.site04)_08,60,-90.74896,43.94267,Bombus impatiens,27,76.5
Cameron et al. 2011,Hymenoptera,Havana (IL08.site08)_08,60,-90.08789,40.25329,Bombus bifarius,0,0
Cameron et al. 2011,Hymenoptera,Havana (IL08.site08)_08,60,-90.08789,40.25329,Bombus impatiens,4,11.333333333333332
Cameron et al. 2011,Hymenoptera,Sand Ridge SF (IL09.site01)_09,60,-89.85842,40.39017,Bombus bifarius,0,0
Cameron et al. 2011,Hymenoptera,Sand Ridge SF (IL09.site01)_09,60,-89.85842,40.39017,Bombus impatiens,6,17
Cameron et al. 2011,Hymenoptera,Sand Ridge SF (IL08.site07)_08,60,-89.85842,40.39017,Bombus bifarius,0,0
Cameron et al. 2011,Hymenoptera,Sand Ridge SF (IL08.site07)_08,60,-89.85842,40.39017,Bombus impatiens,1,2.833333333333333
Cameron et al. 2011,Hymenoptera,Sand Ridge SF (IL08.site07B)_08,60,-89.85842,40.39017,Bombus bifarius,0,0
Cameron et al. 2011,Hymenoptera,Sand Ridge SF (IL08.site07B)_08,60,-89.85842,40.39017,Bombus impatiens,26,73.66666666666666
Cameron et al. 2011,Hymenoptera,"Wisconsin Dells, behind Comfort Inn (WI08.site03)_08",60,-89.81106,43.64215,Bombus bifarius,0,0
Cameron et al. 2011,Hymenoptera,"Wisconsin Dells, behind Comfort Inn (WI08.site03)_08",60,-89.81106,43.64215,Bombus impatiens,4,11.333333333333332
Cameron et al. 2011,Hymenoptera,Hwy 13 near I90 (WI08.site05)_08,60,-89.80605,43.62648,Bombus bifarius,0,0
Cameron et al. 2011,Hymenoptera,Hwy 13 near I90 (WI08.site05)_08,60,-89.80605,43.62648,Bombus impatiens,35,99.16666666666666
Cameron et al. 2011,Hymenoptera,Madison (WI08.site01)_08,60,-89.43149,43.04103,Bombus bifarius,0,0
Cameron et al. 2011,Hymenoptera,Madison (WI08.site01)_08,60,-89.43149,43.04103,Bombus impatiens,17,48.166666666666664
Cameron et al. 2011,Hymenoptera,Murphysboro (IL08.site01B)_08,60,-89.41856,37.77345,Bombus bifarius,0,0
Cameron et al. 2011,Hymenoptera,Murphysboro (IL08.site01B)_08,60,-89.41856,37.77345,Bombus impatiens,51,144.5
Cameron et al. 2011,Hymenoptera,Castle Rock SP (IL08.site02)_08,60,-89.357038,41.97828,Bombus bifarius,0,0
Cameron et al. 2011,Hymenoptera,Castle Rock SP (IL08.site02)_08,60,-89.357038,41.97828,Bombus impatiens,4,11.333333333333332
Cameron et al. 2011,Hymenoptera,"Legacy Inn Canal Rd, Gulfport (MS09.site01)_09",60,-89.13692,30.42013,Bombus bifarius,0,0
Cameron et al. 2011,Hymenoptera,"Legacy Inn Canal Rd, Gulfport (MS09.site01)_09",60,-89.13692,30.42013,Bombus impatiens,2,5.666666666666666
Cameron et al. 2011,Hymenoptera,Allerton Park (Sunsinger Statue) (IL08.site06)_08,60,-88.66714,39.99363,Bombus bifarius,0,0
Cameron et al. 2011,Hymenoptera,Allerton Park (Sunsinger Statue) (IL08.site06)_08,60,-88.66714,39.99363,Bombus impatiens,0,0
Cameron et al. 2011,Hymenoptera,Allerton Park (Sunsinger Statue) (IL09.site02A)_09,60,-88.66714,39.99363,Bombus bifarius,0,0
Cameron et al. 2011,Hymenoptera,Allerton Park (Sunsinger Statue) (IL09.site02A)_09,60,-88.66714,39.99363,Bombus impatiens,2,5.666666666666666
Cameron et al. 2011,Hymenoptera,Allerton Park (Entrance Prairie) (IL08.site05)_08,60,-88.64484,40.00772,Bombus bifarius,0,0
Cameron et al. 2011,Hymenoptera,Allerton Park (Entrance Prairie) (IL08.site05)_08,60,-88.64484,40.00772,Bombus impatiens,0,0
Cameron et al. 2011,Hymenoptera,Allerton Park (IL08.site12)_08,60,-88.64484,40.00772,Bombus bifarius,0,0
Cameron et al. 2011,Hymenoptera,Allerton Park (IL08.site12)_08,60,-88.64484,40.00772,Bombus impatiens,2,5.666666666666666
Cameron et al. 2011,Hymenoptera,Shawnee NF 4 mi. west of Dixon Springs S.P. (IL08.site16)_08,60,-88.59228,37.37934,Bombus bifarius,0,0
Cameron et al. 2011,Hymenoptera,Shawnee NF 4 mi. west of Dixon Springs S.P. (IL08.site16)_08,60,-88.59228,37.37934,Bombus impatiens,17,48.166666666666664
Cameron et al. 2011,Hymenoptera,County Rd 65 NW of Rt25 nr Six Mile (AL09.site04)_09,60,-87.00591,33.04519,Bombus bifarius,0,0
Cameron et al. 2011,Hymenoptera,County Rd 65 NW of Rt25 nr Six Mile (AL09.site04)_09,60,-87.00591,33.04519,Bombus impatiens,4,11.333333333333332
Cameron et al. 2011,Hymenoptera,S of Fletcher (OH09.site05)_09,60,-84.11588,40.09789,Bombus bifarius,0,0
Cameron et al. 2011,Hymenoptera,S of Fletcher (OH09.site05)_09,60,-84.11588,40.09789,Bombus impatiens,20,56.666666666666664
Cameron et al. 2011,Hymenoptera,nr Martinsville (VA09.site01a)_09,60,-79.928056,36.69,Bombus bifarius,0,0
Cameron et al. 2011,Hymenoptera,nr Martinsville (VA09.site01a)_09,60,-79.928056,36.69,Bombus impatiens,39,110.49999999999999
Cameron et al. 2011,Hymenoptera,"Stonington, Johnson Cottage, Main Street (ME09.site07)_09",60,-68.66653,44.155752,Bombus bifarius,0,0
Cameron et al. 2011,Hymenoptera,"Stonington, Johnson Cottage, Main Street (ME09.site07)_09",60,-68.66653,44.155752,Bombus impatiens,0,0
Cameron et al. 2011,Hymenoptera,Kingdom Woods (off Hwy 177) (ME09.site03)_09,60,-68.64705,44.410503,Bombus bifarius,0,0
Cameron et al. 2011,Hymenoptera,Kingdom Woods (off Hwy 177) (ME09.site03)_09,60,-68.64705,44.410503,Bombus impatiens,0,0
Cameron et al. 2011,Hymenoptera,"Darling Island, E. Blue Hill Area (ME09.site01)_09",60,-68.5192,44.4006,Bombus bifarius,0,0
Cameron et al. 2011,Hymenoptera,"Darling Island, E. Blue Hill Area (ME09.site01)_09",60,-68.5192,44.4006,Bombus impatiens,0,0
Cameron et al. 2011,Hymenoptera,"Long Island, North Tip, ~2mi from Mainland (ME09.site02)_09",60,-68.350615,44.126801,Bombus bifarius,0,0
Cameron et al. 2011,Hymenoptera,"Long Island, North Tip, ~2mi from Mainland (ME09.site02)_09",60,-68.350615,44.126801,Bombus impatiens,0,0
Cameron et al. 2011,Hymenoptera,Corning Rd nr Eastbrook (ME09.site06)_09,60,-68.270784,44.667355,Bombus bifarius,0,0
Cameron et al. 2011,Hymenoptera,Corning Rd nr Eastbrook (ME09.site06)_09,60,-68.270784,44.667355,Bombus impatiens,0,0
Cameron et al. 2011,Hymenoptera,Chain O'Lakes State Park (IL08.site03)_08,76,-88.192242,42.460477,Bombus bifarius,0,0
Cameron et al. 2011,Hymenoptera,Chain O'Lakes State Park (IL08.site03)_08,76,-88.192242,42.460477,Bombus impatiens,8,17.894736842105264
Cameron et al. 2011,Hymenoptera,"University of WI, Madison Arboretum (WI08.site06)_08",80,-89.43149,43.04103,Bombus bifarius,0,0
Cameron et al. 2011,Hymenoptera,"University of WI, Madison Arboretum (WI08.site06)_08",80,-89.43149,43.04103,Bombus impatiens,57,121.125
Cameron et al. 2011,Hymenoptera,Rising Star (TX09.site02)_09,90,-98.96429,32.09948,Bombus bifarius,0,0
Cameron et al. 2011,Hymenoptera,Rising Star (TX09.site02)_09,90,-98.96429,32.09948,Bombus impatiens,0,0
Cameron et al. 2011,Hymenoptera,"Hwy 70, 3 mi S of 91 (NE09.site02)_09",90,-98.8093,41.7404,Bombus bifarius,0,0
Cameron et al. 2011,Hymenoptera,"Hwy 70, 3 mi S of 91 (NE09.site02)_09",90,-98.8093,41.7404,Bombus impatiens,1,1.8888888888888888
Cameron et al. 2011,Hymenoptera,Rt11 .5 mi S of 58 intersection (NE09.site01)_09,90,-98.5542,41.1255,Bombus bifarius,0,0
Cameron et al. 2011,Hymenoptera,Rt11 .5 mi S of 58 intersection (NE09.site01)_09,90,-98.5542,41.1255,Bombus impatiens,1,1.8888888888888888
Cameron et al. 2011,Hymenoptera,Hwy290 Elgin (TX09.site03)_09,90,-97.38469,30.34797,Bombus bifarius,0,0
Cameron et al. 2011,Hymenoptera,Hwy290 Elgin (TX09.site03)_09,90,-97.38469,30.34797,Bombus impatiens,0,0
Cameron et al. 2011,Hymenoptera,nr Lake Thunderbird SP (OK09.site02)_09,90,-97.2653,35.25402,Bombus bifarius,0,0
Cameron et al. 2011,Hymenoptera,nr Lake Thunderbird SP (OK09.site02)_09,90,-97.2653,35.25402,Bombus impatiens,0,0
Cameron et al. 2011,Hymenoptera,Branched Oak Rd + Hwy 79 (NE09.site03)_09,90,-96.79512,40.97433,Bombus bifarius,0,0
Cameron et al. 2011,Hymenoptera,Branched Oak Rd + Hwy 79 (NE09.site03)_09,90,-96.79512,40.97433,Bombus impatiens,7,13.222222222222221
Cameron et al. 2011,Hymenoptera,Council Grove Lake (KS09.site03)_09,90,-96.49283,38.68715,Bombus bifarius,0,0
Cameron et al. 2011,Hymenoptera,Council Grove Lake (KS09.site03)_09,90,-96.49283,38.68715,Bombus impatiens,0,0
Cameron et al. 2011,Hymenoptera,"Hwy 268, turn into Pomona St Park (KS09.site02)_09",90,-95.60114,38.63811,Bombus bifarius,0,0
Cameron et al. 2011,Hymenoptera,"Hwy 268, turn into Pomona St Park (KS09.site02)_09",90,-95.60114,38.63811,Bombus impatiens,2,3.7777777777777777
Cameron et al. 2011,Hymenoptera,South Hillside SW of Denison (IA09.site01)_09,90,-95.39279,41.99105,Bombus bifarius,0,0
Cameron et al. 2011,Hymenoptera,South Hillside SW of Denison (IA09.site01)_09,90,-95.39279,41.99105,Bombus impatiens,35,66.11111111111111
Cameron et al. 2011,Hymenoptera,"Corner of US 59, 2 mi S of US 56 (KS09.site01)_09",90,-95.26876,38.75328,Bombus bifarius,0,0
Cameron et al. 2011,Hymenoptera,"Corner of US 59, 2 mi S of US 56 (KS09.site01)_09",90,-95.26876,38.75328,Bombus impatiens,1,1.8888888888888888
Cameron et al. 2011,Hymenoptera,Galveston Island near Toll Bridge (TX08.site05)_08,90,-95.116798,29.08681,Bombus bifarius,0,0
Cameron et al. 2011,Hymenoptera,Galveston Island near Toll Bridge (TX08.site05)_08,90,-95.116798,29.08681,Bombus impatiens,0,0
Cameron et al. 2011,Hymenoptera,"Big Sandy Creek, Big Thicket National Preserve (TX08.site04)_08",90,-94.71843,30.67105,Bombus bifarius,0,0
Cameron et al. 2011,Hymenoptera,"Big Sandy Creek, Big Thicket National Preserve (TX08.site04)_08",90,-94.71843,30.67105,Bombus impatiens,12,22.666666666666668
Cameron et al. 2011,Hymenoptera,West of Ozark NF (Hwy 16) (AR08.site01)_08,90,-94.43522,36.10147,Bombus bifarius,0,0
Cameron et al. 2011,Hymenoptera,West of Ozark NF (Hwy 16) (AR08.site01)_08,90,-94.43522,36.10147,Bombus impatiens,4,7.555555555555555
Cameron et al. 2011,Hymenoptera,"off 99W, ~2mi NE of North Star (MN09.site01)_09",90,-94.03598,44.30375,Bombus bifarius,0,0
Cameron et al. 2011,Hymenoptera,"off 99W, ~2mi NE of North Star (MN09.site01)_09",90,-94.03598,44.30375,Bombus impatiens,1,1.8888888888888888
Cameron et al. 2011,Hymenoptera,Jcn Hwy4 @ Davis Loop (LA09.site02)_09,90,-93.02177,32.26892,Bombus bifarius,0,0
Cameron et al. 2011,Hymenoptera,Jcn Hwy4 @ Davis Loop (LA09.site02)_09,90,-93.02177,32.26892,Bombus impatiens,5,9.444444444444445
Cameron et al. 2011,Hymenoptera,orchard on SW corner of Adams Ave + Hwy 102 (IA09.site02)_09,90,-92.87099,41.4071,Bombus bifarius,0,0
Cameron et al. 2011,Hymenoptera,orchard on SW corner of Adams Ave + Hwy 102 (IA09.site02)_09,90,-92.87099,41.4071,Bombus impatiens,11,20.77777777777778
Cameron et al. 2011,Hymenoptera,Hwy53 just S of Kirksville (MO09.site05)_09,90,-92.57161,40.16584,Bombus bifarius,0,0
Cameron et al. 2011,Hymenoptera,Hwy53 just S of Kirksville (MO09.site05)_09,90,-92.57161,40.16584,Bombus impatiens,27,51
Cameron et al. 2011,Hymenoptera,Hwy40 bet. Rocheport & Prathersville (MO09.site04)_09,90,-92.51566,38.98974,Bombus bifarius,0,0
Cameron et al. 2011,Hymenoptera,Hwy40 bet. Rocheport & Prathersville (MO09.site04)_09,90,-92.51566,38.98974,Bombus impatiens,20,37.77777777777778
Cameron et al. 2011,Hymenoptera,Red Wing (MN08.site01)_08,90,-92.488344,44.557736,Bombus bifarius,0,0
Cameron et al. 2011,Hymenoptera,Red Wing (MN08.site01)_08,90,-92.488344,44.557736,Bombus impatiens,5,9.444444444444445
Cameron et al. 2011,Hymenoptera,1/2 mi S of Caledonia(MN09.site02)_09,90,-91.50724,43.62854,Bombus bifarius,0,0
Cameron et al. 2011,Hymenoptera,1/2 mi S of Caledonia(MN09.site02)_09,90,-91.50724,43.62854,Bombus impatiens,47,88.77777777777777
Cameron et al. 2011,Hymenoptera,Hwy79 2mi N of Stuttgart (AR09.site02)_09,90,-91.49578,34.54717,Bombus bifarius,0,0
Cameron et al. 2011,Hymenoptera,Hwy79 2mi N of Stuttgart (AR09.site02)_09,90,-91.49578,34.54717,Bombus impatiens,9,17
Cameron et al. 2011,Hymenoptera,Houston (Hwy 16) (MN08.site02)_08,90,-91.43555,43.76343,Bombus bifarius,0,0
Cameron et al. 2011,Hymenoptera,Houston (Hwy 16) (MN08.site02)_08,90,-91.43555,43.76343,Bombus impatiens,6,11.333333333333334
Cameron et al. 2011,Hymenoptera,"Hwy 16, 1.8 mi W of Sparta (WI09.site03)_09",90,-90.84694,43.9347,Bombus bifarius,0,0
Cameron et al. 2011,Hymenoptera,"Hwy 16, 1.8 mi W of Sparta (WI09.site03)_09",90,-90.84694,43.9347,Bombus impatiens,21,39.666666666666664
Cameron et al. 2011,Hymenoptera,Shaw Nature Preserve (MO09.site02)_09,90,-90.823385,38.48037,Bombus bifarius,0,0
Cameron et al. 2011,Hymenoptera,Shaw Nature Preserve (MO09.site02)_09,90,-90.823385,38.48037,Bombus impatiens,26,49.11111111111111
Cameron et al. 2011,Hymenoptera,Shaw Nature Reserve (MO08.site02A)_08,90,-90.82303,38.48341,Bombus bifarius,0,0
Cameron et al. 2011,Hymenoptera,Shaw Nature Reserve (MO08.site02A)_08,90,-90.82303,38.48341,Bombus impatiens,0,0
Cameron et al. 2011,Hymenoptera,Busch Conservation Area (MO08.site01)_08,90,-90.74902,38.70967,Bombus bifarius,0,0
Cameron et al. 2011,Hymenoptera,Busch Conservation Area (MO08.site01)_08,90,-90.74902,38.70967,Bombus impatiens,1,1.8888888888888888
Cameron et al. 2011,Hymenoptera,"Rt79 at St. Francis River, 1mi N of Soudan (AR09.site01)_09",90,-90.636,34.84627,Bombus bifarius,0,0
Cameron et al. 2011,Hymenoptera,"Rt79 at St. Francis River, 1mi N of Soudan (AR09.site01)_09",90,-90.636,34.84627,Bombus impatiens,1,1.8888888888888888
Cameron et al. 2011,Hymenoptera,3 mi W of Hazel Green (WI09.site04)_09,90,-90.49508,42.52891,Bombus bifarius,0,0
Cameron et al. 2011,Hymenoptera,3 mi W of Hazel Green (WI09.site04)_09,90,-90.49508,42.52891,Bombus impatiens,29,54.77777777777778
Cameron et al. 2011,Hymenoptera,2 km w of Wyeville (WI08.site02)_08,90,-90.42028,44.02995,Bombus bifarius,0,0
Cameron et al. 2011,Hymenoptera,2 km w of Wyeville (WI08.site02)_08,90,-90.42028,44.02995,Bombus impatiens,25,47.22222222222222
Cameron et al. 2011,Hymenoptera,Litzsinger Prairie (MO08.site04)_08,90,-90.37707,38.62258,Bombus bifarius,0,0
Cameron et al. 2011,Hymenoptera,Litzsinger Prairie (MO08.site04)_08,90,-90.37707,38.62258,Bombus impatiens,0,0
Cameron et al. 2011,Hymenoptera,"Carlinville, Alton Rd (IL08.site14)_08",90,-89.89844,39.26545,Bombus bifarius,0,0
Cameron et al. 2011,Hymenoptera,"Carlinville, Alton Rd (IL08.site14)_08",90,-89.89844,39.26545,Bombus impatiens,0,0
Cameron et al. 2011,Hymenoptera,"Wisconsin Dells, behind Polynesian Hotel (WI09.site02)_09",90,-89.80411,43.6267,Bombus bifarius,0,0
Cameron et al. 2011,Hymenoptera,"Wisconsin Dells, behind Polynesian Hotel (WI09.site02)_09",90,-89.80411,43.6267,Bombus impatiens,60,113.33333333333333
Cameron et al. 2011,Hymenoptera,Research Plot (ARS) 8 mi off I-74 (IL08.site09)_08,90,-89.803093,40.916516,Bombus bifarius,0,0
Cameron et al. 2011,Hymenoptera,Research Plot (ARS) 8 mi off I-74 (IL08.site09)_08,90,-89.803093,40.916516,Bombus impatiens,9,17
Cameron et al. 2011,Hymenoptera,"Jubilee College SP, Valley View picnic area (IL09.site08)_09",90,-89.80296,40.82507,Bombus bifarius,0,0
Cameron et al. 2011,Hymenoptera,"Jubilee College SP, Valley View picnic area (IL09.site08)_09",90,-89.80296,40.82507,Bombus impatiens,54,102
Cameron et al. 2011,Hymenoptera,"University of WI, Madison Arboretum (WI09.site01)_09",90,-89.43149,43.04103,Bombus bifarius,0,0
Cameron et al. 2011,Hymenoptera,"University of WI, Madison Arboretum (WI09.site01)_09",90,-89.43149,43.04103,Bombus impatiens,22,41.55555555555556
Cameron et al. 2011,Hymenoptera,Murphysboro (IL08.site01)_08,90,-89.41856,37.77345,Bombus bifarius,0,0
Cameron et al. 2011,Hymenoptera,Murphysboro (IL08.site01)_08,90,-89.41856,37.77345,Bombus impatiens,9,17
Cameron et al. 2011,Hymenoptera,Castle Rock SP (IL09.site04)_09,90,-89.357038,41.97828,Bombus bifarius,0,0
Cameron et al. 2011,Hymenoptera,Castle Rock SP (IL09.site04)_09,90,-89.357038,41.97828,Bombus impatiens,4,7.555555555555555
Cameron et al. 2011,Hymenoptera,Hwy 48 near Hewittville/Taylorville (IL09.site03)_09,90,-89.3416,39.51112,Bombus bifarius,0,0
Cameron et al. 2011,Hymenoptera,Hwy 48 near Hewittville/Taylorville (IL09.site03)_09,90,-89.3416,39.51112,Bombus impatiens,10,18.88888888888889
Cameron et al. 2011,Hymenoptera,Hwy 146 1.5 mi east of I57 (IL09.site07)_09,90,-89.11745,37.4471,Bombus bifarius,0,0
Cameron et al. 2011,Hymenoptera,Hwy 146 1.5 mi east of I57 (IL09.site07)_09,90,-89.11745,37.4471,Bombus impatiens,46,86.88888888888889
Cameron et al. 2011,Hymenoptera,2mi west of Paducah (KY09. site02)_09,90,-88.762222,37.025278,Bombus bifarius,0,0
Cameron et al. 2011,Hymenoptera,2mi west of Paducah (KY09. site02)_09,90,-88.762222,37.025278,Bombus impatiens,16,30.22222222222222
Cameron et al. 2011,Hymenoptera,Allerton Park (Entrance Prairie) (IL09.site02B)_09,90,-88.64484,40.00772,Bombus bifarius,0,0
Cameron et al. 2011,Hymenoptera,Allerton Park (Entrance Prairie) (IL09.site02B)_09,90,-88.64484,40.00772,Bombus impatiens,11,20.77777777777778
Cameron et al. 2011,Hymenoptera,Old Tibbee Rd nr. border of Lowndes and Oktibbeha Co (MS09.site03)_09,90,-88.64165,33.55438,Bombus bifarius,0,0
Cameron et al. 2011,Hymenoptera,Old Tibbee Rd nr. border of Lowndes and Oktibbeha Co (MS09.site03)_09,90,-88.64165,33.55438,Bombus impatiens,63,119
Cameron et al. 2011,Hymenoptera,near Galton (IL08.site15)_08,90,-88.29737,39.76056,Bombus bifarius,0,0
Cameron et al. 2011,Hymenoptera,near Galton (IL08.site15)_08,90,-88.29737,39.76056,Bombus impatiens,4,7.555555555555555
Cameron et al. 2011,Hymenoptera,Roadside 1.5 mi N of Pesotum (IL09.site06)_09,90,-88.27055,39.93715,Bombus bifarius,0,0
Cameron et al. 2011,Hymenoptera,Roadside 1.5 mi N of Pesotum (IL09.site06)_09,90,-88.27055,39.93715,Bombus impatiens,14,26.444444444444443
Cameron et al. 2011,Hymenoptera,"Bluff Spring Fen, Elgin (IL08.site11)_08",90,-88.25199,42.01375,Bombus bifarius,0,0
Cameron et al. 2011,Hymenoptera,"Bluff Spring Fen, Elgin (IL08.site11)_08",90,-88.25199,42.01375,Bombus impatiens,32,60.44444444444444
Cameron et al. 2011,Hymenoptera,"Dauphin Isl, Hwy 193 just at entrance to island (AL09.site01)_09",90,-88.11223,30.25479,Bombus bifarius,0,0
Cameron et al. 2011,Hymenoptera,"Dauphin Isl, Hwy 193 just at entrance to island (AL09.site01)_09",90,-88.11223,30.25479,Bombus impatiens,20,37.77777777777778
Cameron et al. 2011,Hymenoptera,Hwy 70 near Blackburn Rd (TN09.site02)_09,90,-88.06058,36.01198,Bombus bifarius,0,0
Cameron et al. 2011,Hymenoptera,Hwy 70 near Blackburn Rd (TN09.site02)_09,90,-88.06058,36.01198,Bombus impatiens,58,109.55555555555556
Cameron et al. 2011,Hymenoptera,Hwy68 (KY09. site03)_09,90,-87.86253,36.83592,Bombus bifarius,0,0
Cameron et al. 2011,Hymenoptera,Hwy68 (KY09. site03)_09,90,-87.86253,36.83592,Bombus impatiens,14,26.444444444444443
Cameron et al. 2011,Hymenoptera,Alamo (Hwy 234) (IN09.site02)_09,90,-87.06641,39.95995,Bombus bifarius,0,0
Cameron et al. 2011,Hymenoptera,Alamo (Hwy 234) (IN09.site02)_09,90,-87.06641,39.95995,Bombus impatiens,61,115.22222222222221
Cameron et al. 2011,Hymenoptera,"Forested roadside on hwy234, Shades SP (IN09.site06)_09",90,-87.05757,39.94875,Bombus bifarius,0,0
Cameron et al. 2011,Hymenoptera,"Forested roadside on hwy234, Shades SP (IN09.site06)_09",90,-87.05757,39.94875,Bombus impatiens,71,134.11111111111111
Cameron et al. 2011,Hymenoptera,County Rd 85 2.5 mi SW of Hwy 41 (AL09.site03)_09,90,-86.97015,32.21282,Bombus bifarius,0,0
Cameron et al. 2011,Hymenoptera,County Rd 85 2.5 mi SW of Hwy 41 (AL09.site03)_09,90,-86.97015,32.21282,Bombus impatiens,0,0
Cameron et al. 2011,Hymenoptera,"4 mi NW Star City, Hwy 35 nr 225 (IN09.site03)_09",90,-86.85357,41.02274,Bombus bifarius,0,0
Cameron et al. 2011,Hymenoptera,"4 mi NW Star City, Hwy 35 nr 225 (IN09.site03)_09",90,-86.85357,41.02274,Bombus impatiens,11,20.77777777777778
Cameron et al. 2011,Hymenoptera,S of Nashville (TN09.site03)_09,90,-86.84485,35.91622,Bombus bifarius,0,0
Cameron et al. 2011,Hymenoptera,S of Nashville (TN09.site03)_09,90,-86.84485,35.91622,Bombus impatiens,11,20.77777777777778
Cameron et al. 2011,Hymenoptera,Hoosier NF west of Patoka Lake (IN09.site04)_09,90,-86.73048,38.40926,Bombus bifarius,0,0
Cameron et al. 2011,Hymenoptera,Hoosier NF west of Patoka Lake (IN09.site04)_09,90,-86.73048,38.40926,Bombus impatiens,56,105.77777777777777
Cameron et al. 2011,Hymenoptera,"Comfort Inn, Greenville, Fort Dale Rd (AL09.site02)_09",90,-86.64129,31.85426,Bombus bifarius,0,0
Cameron et al. 2011,Hymenoptera,"Comfort Inn, Greenville, Fort Dale Rd (AL09.site02)_09",90,-86.64129,31.85426,Bombus impatiens,14,26.444444444444443
Cameron et al. 2011,Hymenoptera,nr Nebraska (IN09.site01)_09,90,-85.43764,39.06533,Bombus bifarius,0,0
Cameron et al. 2011,Hymenoptera,nr Nebraska (IN09.site01)_09,90,-85.43764,39.06533,Bombus impatiens,93,175.66666666666666
Cameron et al. 2011,Hymenoptera,"Abandoned School, Holton (IN09.site05)_09",90,-85.3885,39.0728,Bombus bifarius,0,0
Cameron et al. 2011,Hymenoptera,"Abandoned School, Holton (IN09.site05)_09",90,-85.3885,39.0728,Bombus impatiens,47,88.77777777777777
Cameron et al. 2011,Hymenoptera,Hwy136 near Villanow (GA09.site01)_09,90,-85.12742,34.67863,Bombus bifarius,0,0
Cameron et al. 2011,Hymenoptera,Hwy136 near Villanow (GA09.site01)_09,90,-85.12742,34.67863,Bombus impatiens,8,15.11111111111111
Cameron et al. 2011,Hymenoptera,Hwy 60 just west of Frankfort (KY09. site06)_09,90,-84.94415,38.16413,Bombus bifarius,0,0
Cameron et al. 2011,Hymenoptera,Hwy 60 just west of Frankfort (KY09. site06)_09,90,-84.94415,38.16413,Bombus impatiens,8,15.11111111111111
Cameron et al. 2011,Hymenoptera,old Hwy 411 near Ramhurst (GA09.site02)_09,90,-84.71028,34.66514,Bombus bifarius,0,0
Cameron et al. 2011,Hymenoptera,old Hwy 411 near Ramhurst (GA09.site02)_09,90,-84.71028,34.66514,Bombus impatiens,5,9.444444444444445
Cameron et al. 2011,Hymenoptera,3mi S of Coker Creek (TN09.site06)_09,90,-84.31819,35.24102,Bombus bifarius,0,0
Cameron et al. 2011,Hymenoptera,3mi S of Coker Creek (TN09.site06)_09,90,-84.31819,35.24102,Bombus impatiens,14,26.444444444444443
Cameron et al. 2011,Hymenoptera,Hwy 190 (OH09.site01)_09,90,-84.31576,40.89222,Bombus bifarius,0,0
Cameron et al. 2011,Hymenoptera,Hwy 190 (OH09.site01)_09,90,-84.31576,40.89222,Bombus impatiens,12,22.666666666666668
Cameron et al. 2011,Hymenoptera,Newt Green Rd near Edwards Mill Road (GA09.site03)_09,90,-84.27237,34.26571,Bombus bifarius,0,0
Cameron et al. 2011,Hymenoptera,Newt Green Rd near Edwards Mill Road (GA09.site03)_09,90,-84.27237,34.26571,Bombus impatiens,29,54.77777777777778
Cameron et al. 2011,Hymenoptera,"Smokey Mtn NP, Abrams Creek camp (TN09.site05)_09",90,-83.93521,35.60898,Bombus bifarius,0,0
Cameron et al. 2011,Hymenoptera,"Smokey Mtn NP, Abrams Creek camp (TN09.site05)_09",90,-83.93521,35.60898,Bombus impatiens,11,20.77777777777778
Cameron et al. 2011,Hymenoptera,"Near Athens, off Luke Rd+Fowler Mill Rd (GA09.site04)_09",90,-83.53266,33.96253,Bombus bifarius,0,0
Cameron et al. 2011,Hymenoptera,"Near Athens, off Luke Rd+Fowler Mill Rd (GA09.site04)_09",90,-83.53266,33.96253,Bombus impatiens,6,11.333333333333334
Cameron et al. 2011,Hymenoptera,"105 South, Junction of 590 (OH09.site02)_09",90,-83.21989,41.49377,Bombus bifarius,0,0
Cameron et al. 2011,Hymenoptera,"105 South, Junction of 590 (OH09.site02)_09",90,-83.21989,41.49377,Bombus impatiens,0,0
Cameron et al. 2011,Hymenoptera,10mi W KY/VA border nr Cranks (KY09. site04)_09,90,-83.1837,36.76313,Bombus bifarius,0,0
Cameron et al. 2011,Hymenoptera,10mi W KY/VA border nr Cranks (KY09. site04)_09,90,-83.1837,36.76313,Bombus impatiens,43,81.22222222222221
Cameron et al. 2011,Hymenoptera,Cherokee NF (TN09.site04)_09,90,-82.97717,35.92276,Bombus bifarius,0,0
Cameron et al. 2011,Hymenoptera,Cherokee NF (TN09.site04)_09,90,-82.97717,35.92276,Bombus impatiens,5,9.444444444444445
Cameron et al. 2011,Hymenoptera,Hwy 65 just N or intersection with US23 (VA09.site05)_09,90,-82.74692,36.67487,Bombus bifarius,0,0
Cameron et al. 2011,Hymenoptera,Hwy 65 just N or intersection with US23 (VA09.site05)_09,90,-82.74692,36.67487,Bombus impatiens,9,17
Cameron et al. 2011,Hymenoptera,"nr Buffalo, Sumter Nat Forest (SC09.site01)_09",90,-82.36272,33.94193,Bombus bifarius,0,0
Cameron et al. 2011,Hymenoptera,"nr Buffalo, Sumter Nat Forest (SC09.site01)_09",90,-82.36272,33.94193,Bombus impatiens,51,96.33333333333333
Cameron et al. 2011,Hymenoptera,Mt Mitchell (NC09.site06)_09,90,-82.2776,35.74497,Bombus bifarius,0,0
Cameron et al. 2011,Hymenoptera,Mt Mitchell (NC09.site06)_09,90,-82.2776,35.74497,Bombus impatiens,35,66.11111111111111
Cameron et al. 2011,Hymenoptera,5mi North of Wooster (OH09.site03)_09,90,-81.97922,40.90823,Bombus bifarius,0,0
Cameron et al. 2011,Hymenoptera,5mi North of Wooster (OH09.site03)_09,90,-81.97922,40.90823,Bombus impatiens,41,77.44444444444444
Cameron et al. 2011,Hymenoptera,US221 north of Marion (NC09.site05)_09,90,-81.93666,35.89348,Bombus bifarius,0,0
Cameron et al. 2011,Hymenoptera,US221 north of Marion (NC09.site05)_09,90,-81.93666,35.89348,Bombus impatiens,5,9.444444444444445
Cameron et al. 2011,Hymenoptera,Hwy 181 nr Cold Springs (NC09.site04)_09,90,-81.86559,35.95826,Bombus bifarius,0,0
Cameron et al. 2011,Hymenoptera,Hwy 181 nr Cold Springs (NC09.site04)_09,90,-81.86559,35.95826,Bombus impatiens,26,49.11111111111111
Cameron et al. 2011,Hymenoptera,Sumter NF (SC09.site02)_09,90,-81.75544,34.44358,Bombus bifarius,0,0
Cameron et al. 2011,Hymenoptera,Sumter NF (SC09.site02)_09,90,-81.75544,34.44358,Bombus impatiens,20,37.77777777777778
Cameron et al. 2011,Hymenoptera,Just east of Tacoma (OH09.site04)_09,90,-81.14311,40.00154,Bombus bifarius,0,0
Cameron et al. 2011,Hymenoptera,Just east of Tacoma (OH09.site04)_09,90,-81.14311,40.00154,Bombus impatiens,14,26.444444444444443
Cameron et al. 2011,Hymenoptera,nr Big Reed Island Creek (VA09.site02)_09,90,-80.58092,36.72294,Bombus bifarius,0,0
Cameron et al. 2011,Hymenoptera,nr Big Reed Island Creek (VA09.site02)_09,90,-80.58092,36.72294,Bombus impatiens,53,100.11111111111111
Cameron et al. 2011,Hymenoptera,N of Boykin (SC09.site03)_09,90,-80.574271,34.15635,Bombus bifarius,0,0
Cameron et al. 2011,Hymenoptera,N of Boykin (SC09.site03)_09,90,-80.574271,34.15635,Bombus impatiens,1,1.8888888888888888
Cameron et al. 2011,Hymenoptera,Hwy 66. 10 mi E of Mt Airy (NC09.site02)_09,90,-80.3947,36.47038,Bombus bifarius,0,0
Cameron et al. 2011,Hymenoptera,Hwy 66. 10 mi E of Mt Airy (NC09.site02)_09,90,-80.3947,36.47038,Bombus impatiens,9,17
Cameron et al. 2011,Hymenoptera,Chesterfield (SC09.site04)_09,90,-80.09062,34.72643,Bombus bifarius,0,0
Cameron et al. 2011,Hymenoptera,Chesterfield (SC09.site04)_09,90,-80.09062,34.72643,Bombus impatiens,45,85
Cameron et al. 2011,Hymenoptera,Hwy 109 just N of Wadesboro (NC09.site01)_09,90,-80.025,35.043611,Bombus bifarius,0,0
Cameron et al. 2011,Hymenoptera,Hwy 109 just N of Wadesboro (NC09.site01)_09,90,-80.025,35.043611,Bombus impatiens,37,69.88888888888889
Cameron et al. 2011,Hymenoptera,George Wash NF nr Buchanan (VA09.site03)_09,90,-79.70235,37.51511,Bombus bifarius,0,0
Cameron et al. 2011,Hymenoptera,George Wash NF nr Buchanan (VA09.site03)_09,90,-79.70235,37.51511,Bombus impatiens,65,122.77777777777777
Cameron et al. 2011,Hymenoptera,"Hwy 62, near Alamance (NC09.site03)_09",90,-79.55724,35.9806,Bombus bifarius,0,0
Cameron et al. 2011,Hymenoptera,"Hwy 62, near Alamance (NC09.site03)_09",90,-79.55724,35.9806,Bombus impatiens,8,15.11111111111111
Cameron et al. 2011,Hymenoptera,Rt 104 ~15 mi E of Niagara Falls (NY09.site01)_09,90,-78.82959,43.2022,Bombus bifarius,0,0
Cameron et al. 2011,Hymenoptera,Rt 104 ~15 mi E of Niagara Falls (NY09.site01)_09,90,-78.82959,43.2022,Bombus impatiens,22,41.55555555555556
Cameron et al. 2011,Hymenoptera,Hwy 47 near jcn Hwy 460 (VA09.site04)_09,90,-78.68094,37.25568,Bombus bifarius,0,0
Cameron et al. 2011,Hymenoptera,Hwy 47 near jcn Hwy 460 (VA09.site04)_09,90,-78.68094,37.25568,Bombus impatiens,73,137.88888888888889
Cameron et al. 2011,Hymenoptera,"Susquehannock Forest, Rt872 (PA09.site01)_09",90,-78.02639,41.40279,Bombus bifarius,0,0
Cameron et al. 2011,Hymenoptera,"Susquehannock Forest, Rt872 (PA09.site01)_09",90,-78.02639,41.40279,Bombus impatiens,38,71.77777777777777
Cameron et al. 2011,Hymenoptera,Hwy 45 SW of State College (PA09.site03)_09,90,-77.83848,40.76025,Bombus bifarius,0,0
Cameron et al. 2011,Hymenoptera,Hwy 45 SW of State College (PA09.site03)_09,90,-77.83848,40.76025,Bombus impatiens,61,115.22222222222221
Cameron et al. 2011,Hymenoptera,"Rt 96A, off of Seneca Lake (NY09.site02)_09",90,-76.851070000000007,42.68171,Bombus bifarius,0,0
Cameron et al. 2011,Hymenoptera,"Rt 96A, off of Seneca Lake (NY09.site02)_09",90,-76.851070000000007,42.68171,Bombus impatiens,24,45.333333333333336
Cameron et al. 2011,Hymenoptera,Wyoming St. Forest (PA09.site02)_09,90,-76.83675,41.37778,Bombus bifarius,0,0
Cameron et al. 2011,Hymenoptera,Wyoming St. Forest (PA09.site02)_09,90,-76.83675,41.37778,Bombus impatiens,19,35.888888888888886
Cameron et al. 2011,Hymenoptera,28North ~6 mi N of North Creek (NY09.site03)_09,90,-73.96591,43.777,Bombus bifarius,0,0
Cameron et al. 2011,Hymenoptera,28North ~6 mi N of North Creek (NY09.site03)_09,90,-73.96591,43.777,Bombus impatiens,1,1.8888888888888888
Cameron et al. 2011,Hymenoptera,Hwy 9 (NY09.site06)_09,90,-73.9116,41.60235,Bombus bifarius,0,0
Cameron et al. 2011,Hymenoptera,Hwy 9 (NY09.site06)_09,90,-73.9116,41.60235,Bombus impatiens,51,96.33333333333333
Cameron et al. 2011,Hymenoptera,Rt 7 on CT/MA border (MA09.site03)_09,90,-73.32829,42.06543,Bombus bifarius,0,0
Cameron et al. 2011,Hymenoptera,Rt 7 on CT/MA border (MA09.site03)_09,90,-73.32829,42.06543,Bombus impatiens,7,13.222222222222221
Cameron et al. 2011,Hymenoptera,SUNY Stony Brook (Long Island) (NY09.site05)_09,90,-73.12382,40.923923,Bombus bifarius,0,0
Cameron et al. 2011,Hymenoptera,SUNY Stony Brook (Long Island) (NY09.site05)_09,90,-73.12382,40.923923,Bombus impatiens,48,90.66666666666667
Cameron et al. 2011,Hymenoptera,Farmington River trail NW of Unionville (CT09.site01)_09,90,-72.89947,41.76643,Bombus bifarius,0,0
Cameron et al. 2011,Hymenoptera,Farmington River trail NW of Unionville (CT09.site01)_09,90,-72.89947,41.76643,Bombus impatiens,100,188.88888888888889
Cameron et al. 2011,Hymenoptera,Deerfield Valley Elementary School (VT09.site02)_09,90,-72.8616,42.88843,Bombus bifarius,0,0
Cameron et al. 2011,Hymenoptera,Deerfield Valley Elementary School (VT09.site02)_09,90,-72.8616,42.88843,Bombus impatiens,2,3.7777777777777777
Cameron et al. 2011,Hymenoptera,25A just west of Wading River (Long Island) (NY09.site04)_09,90,-72.83605,40.94435,Bombus bifarius,0,0
Cameron et al. 2011,Hymenoptera,25A just west of Wading River (Long Island) (NY09.site04)_09,90,-72.83605,40.94435,Bombus impatiens,56,105.77777777777777
Cameron et al. 2011,Hymenoptera,East Hampton (MA09.site04)_09,90,-72.7183,42.24344,Bombus bifarius,0,0
Cameron et al. 2011,Hymenoptera,East Hampton (MA09.site04)_09,90,-72.7183,42.24344,Bombus impatiens,49,92.55555555555556
Cameron et al. 2011,Hymenoptera,0.5 Mi SW of Ludlow (VT09.site01)_09,90,-72.70551,43.41441,Bombus bifarius,0,0
Cameron et al. 2011,Hymenoptera,0.5 Mi SW of Ludlow (VT09.site01)_09,90,-72.70551,43.41441,Bombus impatiens,5,9.444444444444445
Cameron et al. 2011,Hymenoptera,Hwy 83 0.5 mi W of Rockville (CT09.site02)_09,90,-72.48312,41.86087,Bombus bifarius,0,0
Cameron et al. 2011,Hymenoptera,Hwy 83 0.5 mi W of Rockville (CT09.site02)_09,90,-72.48312,41.86087,Bombus impatiens,46,86.88888888888889
Cameron et al. 2011,Hymenoptera,Ashby Fire Dept (MA09.site01)_09,90,-71.82805,42.679747,Bombus bifarius,0,0
Cameron et al. 2011,Hymenoptera,Ashby Fire Dept (MA09.site01)_09,90,-71.82805,42.679747,Bombus impatiens,13,24.555555555555554
Cameron et al. 2011,Hymenoptera,"Pond Road, Wellesley (MA09.site02)_09",90,-71.31905,42.29117,Bombus bifarius,0,0
Cameron et al. 2011,Hymenoptera,"Pond Road, Wellesley (MA09.site02)_09",90,-71.31905,42.29117,Bombus impatiens,29,54.77777777777778
Cameron et al. 2011,Hymenoptera,Illinois Beach State Park (IL08.site04)_08,100,-87.80558,42.4253,Bombus bifarius,0,0
Cameron et al. 2011,Hymenoptera,Illinois Beach State Park (IL08.site04)_08,100,-87.80558,42.4253,Bombus impatiens,6,10.2
Cameron et al. 2011,Hymenoptera,Sigourney (Hwy 92) (IA08.site01)_08,110,-92.33661,41.33614,Bombus bifarius,0,0
Cameron et al. 2011,Hymenoptera,Sigourney (Hwy 92) (IA08.site01)_08,110,-92.33661,41.33614,Bombus impatiens,2,3.090909090909091
Cameron et al. 2011,Hymenoptera,nr Pierre (SD08.site03)_08,120,-100.33306,44.29068,Bombus bifarius,0,0
Cameron et al. 2011,Hymenoptera,nr Pierre (SD08.site03)_08,120,-100.33306,44.29068,Bombus impatiens,0,0
Cameron et al. 2011,Hymenoptera,Off of Hwy 200 near Glenfield (ND08.site04)_08,120,-98.64908,47.45722,Bombus bifarius,0,0
Cameron et al. 2011,Hymenoptera,Off of Hwy 200 near Glenfield (ND08.site04)_08,120,-98.64908,47.45722,Bombus impatiens,0,0
Cameron et al. 2011,Hymenoptera,nr DeSmet (SD08.site04)_08,120,-97.5246,44.37173,Bombus bifarius,1,1.4166666666666665
Cameron et al. 2011,Hymenoptera,nr DeSmet (SD08.site04)_08,120,-97.5246,44.37173,Bombus impatiens,1,1.4166666666666665
Cameron et al. 2011,Hymenoptera,Hwy 19 nr 289th St (SD08.site05)_08,120,-97.08081,43.19209,Bombus bifarius,0,0
Cameron et al. 2011,Hymenoptera,Hwy 19 nr 289th St (SD08.site05)_08,120,-97.08081,43.19209,Bombus impatiens,0,0
Cameron et al. 2011,Hymenoptera,Hwy 59 on border of Lyon and Murray Counties (MN08.site03)_08,120,-95.75491,44.19908,Bombus bifarius,0,0
Cameron et al. 2011,Hymenoptera,Hwy 59 on border of Lyon and Murray Counties (MN08.site03)_08,120,-95.75491,44.19908,Bombus impatiens,1,1.4166666666666665
Cameron et al. 2011,Hymenoptera,Sakatah SP (MN08.site05)_08,120,-93.2283,44.21959,Bombus bifarius,0,0
Cameron et al. 2011,Hymenoptera,Sakatah SP (MN08.site05)_08,120,-93.2283,44.21959,Bombus impatiens,12,17
Cameron et al. 2011,Hymenoptera,Atlanta (MO08.site07)_08,120,-92.47369,39.89866,Bombus bifarius,0,0
Cameron et al. 2011,Hymenoptera,Atlanta (MO08.site07)_08,120,-92.47369,39.89866,Bombus impatiens,14,19.833333333333332
Cameron et al. 2011,Hymenoptera,Shaw Nature Preserve (MO09.site01)_09,120,-90.81744,38.46823,Bombus bifarius,0,0
Cameron et al. 2011,Hymenoptera,Shaw Nature Preserve (MO09.site01)_09,120,-90.81744,38.46823,Bombus impatiens,1,1.4166666666666665
Cameron et al. 2011,Hymenoptera,Bluff Spring Fen (IL09.site05)_09,120,-88.25199,42.01375,Bombus bifarius,0,0
Cameron et al. 2011,Hymenoptera,Bluff Spring Fen (IL09.site05)_09,120,-88.25199,42.01375,Bombus impatiens,26,36.83333333333333
Cameron et al. 2011,Hymenoptera,"Bluff Spring Fen, Elgin (IL08.site11B)_08",120,-88.25199,42.01375,Bombus bifarius,0,0
Cameron et al. 2011,Hymenoptera,"Bluff Spring Fen, Elgin (IL08.site11B)_08",120,-88.25199,42.01375,Bombus impatiens,106,150.16666666666666
Cameron et al. 2011,Hymenoptera,Alamo (Hwy 234) (IN08.site01)_08,120,-87.0686,39.9602,Bombus bifarius,0,0
Cameron et al. 2011,Hymenoptera,Alamo (Hwy 234) (IN08.site01)_08,120,-87.0686,39.9602,Bombus impatiens,15,21.25
Cameron et al. 2011,Hymenoptera,Newton-Stewart S.R.A. (IN08.site02)_08,120,-86.6613,38.404,Bombus bifarius,0,0
Cameron et al. 2011,Hymenoptera,Newton-Stewart S.R.A. (IN08.site02)_08,120,-86.6613,38.404,Bombus impatiens,28,39.666666666666664
Cameron et al. 2011,Hymenoptera,Highway 145N (IN08.site03)_08,120,-86.6028,38.4575,Bombus bifarius,0,0
Cameron et al. 2011,Hymenoptera,Highway 145N (IN08.site03)_08,120,-86.6028,38.4575,Bombus impatiens,20,28.333333333333332
Cameron et al. 2011,Hymenoptera,Winamac (US35) (IN08.site05)_08,120,-86.58348,41.02308,Bombus bifarius,0,0
Cameron et al. 2011,Hymenoptera,Winamac (US35) (IN08.site05)_08,120,-86.58348,41.02308,Bombus impatiens,40,56.666666666666664
Cameron et al. 2011,Hymenoptera,Nebraska (US50) (IN08.site04)_08,120,-85.43764,39.06533,Bombus bifarius,0,0
Cameron et al. 2011,Hymenoptera,Nebraska (US50) (IN08.site04)_08,120,-85.43764,39.06533,Bombus impatiens,38,53.83333333333333
Cameron et al. 2011,Hymenoptera,Shaw Nature Reserve 2 (MO08.site02B)_08,135,-90.81139,38.47112,Bombus bifarius,0,0
Cameron et al. 2011,Hymenoptera,Shaw Nature Reserve 2 (MO08.site02B)_08,135,-90.81139,38.47112,Bombus impatiens,0,0
Cameron et al. 2011,Hymenoptera,Branched Oak Lake RA (NE08.site01)_08,160,-96.86378,40.95999,Bombus bifarius,0,0
Cameron et al. 2011,Hymenoptera,Branched Oak Lake RA (NE08.site01)_08,160,-96.86378,40.95999,Bombus impatiens,6,6.375
Cameron et al. 2011,Hymenoptera,Plattsmouth (NE08.site02)_08,170,-95.87263,40.99976,Bombus bifarius,0,0
Cameron et al. 2011,Hymenoptera,Plattsmouth (NE08.site02)_08,170,-95.87263,40.99976,Bombus impatiens,4,4
Cameron et al. 2011,Hymenoptera,0.35 km ESE of Wyeth_08,30,-121.76563,45.69103,Bombus bifarius,0,0
Cameron et al. 2011,Hymenoptera,0.35 km ESE of Wyeth_08,30,-121.76563,45.69103,Bombus impatiens,0,0
Cameron et al. 2011,Hymenoptera,0.98 km SSW Grand Targhee Resort_08,30,-110.963,43.7801,Bombus bifarius,65,260
Cameron et al. 2011,Hymenoptera,0.98 km SSW Grand Targhee Resort_08,30,-110.963,43.7801,Bombus impatiens,0,0
Cameron et al. 2011,Hymenoptera,1.15 km WNW Mt. Ashland_09,30,-122.73063,42.08349,Bombus bifarius,11,44
Cameron et al. 2011,Hymenoptera,1.15 km WNW Mt. Ashland_09,30,-122.73063,42.08349,Bombus impatiens,0,0
Cameron et al. 2011,Hymenoptera,1.15 km WNW Mt. Ashland_08,30,-122.73063,42.08349,Bombus bifarius,35,140
Cameron et al. 2011,Hymenoptera,1.15 km WNW Mt. Ashland_08,30,-122.73063,42.08349,Bombus impatiens,0,0
Cameron et al. 2011,Hymenoptera,1.15 km WNW Mt. Ashland_07,60,-122.73063,42.08349,Bombus bifarius,19,38
Cameron et al. 2011,Hymenoptera,1.15 km WNW Mt. Ashland_07,60,-122.73063,42.08349,Bombus impatiens,0,0
Cameron et al. 2011,Hymenoptera,1.20 km NNE Mount Crested Butte_08,30,-106.9599,38.9186,Bombus bifarius,34,136
Cameron et al. 2011,Hymenoptera,1.20 km NNE Mount Crested Butte_08,30,-106.9599,38.9186,Bombus impatiens,0,0
Cameron et al. 2011,Hymenoptera,1.20 km NNE Mount Crested Butte_09,30,-106.9599,38.9186,Bombus bifarius,32,128
Cameron et al. 2011,Hymenoptera,1.20 km NNE Mount Crested Butte_09,30,-106.9599,38.9186,Bombus impatiens,0,0
Cameron et al. 2011,Hymenoptera,1.52 km SSW Sierraville_07,35,-120.36991,39.57604,Bombus bifarius,0,0
Cameron et al. 2011,Hymenoptera,1.52 km SSW Sierraville_07,35,-120.36991,39.57604,Bombus impatiens,0,0
Cameron et al. 2011,Hymenoptera,10.16 km SSW of Mt. Shasta_07,85,-122.26211,41.32741,Bombus bifarius,1,1.4117647058823528
Cameron et al. 2011,Hymenoptera,10.16 km SSW of Mt. Shasta_07,85,-122.26211,41.32741,Bombus impatiens,0,0
Cameron et al. 2011,Hymenoptera,10.26 km SW of Mt. Shasta_07,20,-122.26733,41.32861,Bombus bifarius,0,0
Cameron et al. 2011,Hymenoptera,10.26 km SW of Mt. Shasta_07,20,-122.26733,41.32861,Bombus impatiens,0,0
Cameron et al. 2011,Hymenoptera,10.43 km SSW of Bunker Hill_08,30,-124.26156,43.27169,Bombus bifarius,0,0
Cameron et al. 2011,Hymenoptera,10.43 km SSW of Bunker Hill_08,30,-124.26156,43.27169,Bombus impatiens,0,0
Cameron et al. 2011,Hymenoptera,11.54 km WSW Sisters_08,30,-121.69052,44.25608,Bombus bifarius,5,20
Cameron et al. 2011,Hymenoptera,11.54 km WSW Sisters_08,30,-121.69052,44.25608,Bombus impatiens,0,0
Cameron et al. 2011,Hymenoptera,12.39 km WSW of Mutts Meadow_08,15,-107.5948,44.7603,Bombus bifarius,0,0
Cameron et al. 2011,Hymenoptera,12.39 km WSW of Mutts Meadow_08,15,-107.5948,44.7603,Bombus impatiens,0,0
Cameron et al. 2011,Hymenoptera,12.53 km WSW of Sisters_08,30,-121.69646,44.24362,Bombus bifarius,0,0
Cameron et al. 2011,Hymenoptera,12.53 km WSW of Sisters_08,30,-121.69646,44.24362,Bombus impatiens,0,0
Cameron et al. 2011,Hymenoptera,16.59 km N Riggins_08,30,-116.3048,45.5712,Bombus bifarius,7,28
Cameron et al. 2011,Hymenoptera,16.59 km N Riggins_08,30,-116.3048,45.5712,Bombus impatiens,0,0
Cameron et al. 2011,Hymenoptera,17.36 km SE Porcupine Falls_08,15,-107.7414,44.7595,Bombus bifarius,0,0
Cameron et al. 2011,Hymenoptera,17.36 km SE Porcupine Falls_08,15,-107.7414,44.7595,Bombus impatiens,0,0
Cameron et al. 2011,Hymenoptera,18.73 km SSE La Grande_08,56,-118.06347,45.15691,Bombus bifarius,4,8.571428571428571
Cameron et al. 2011,Hymenoptera,18.73 km SSE La Grande_08,56,-118.06347,45.15691,Bombus impatiens,0,0
Cameron et al. 2011,Hymenoptera,2.33 km WNW Sierraville_07,20,-120.39332,39.59517,Bombus bifarius,0,0
Cameron et al. 2011,Hymenoptera,2.33 km WNW Sierraville_07,20,-120.39332,39.59517,Bombus impatiens,0,0
Cameron et al. 2011,Hymenoptera,21.64 km S of Big Sky_08,30,-111.2555,45.0618,Bombus bifarius,8,32
Cameron et al. 2011,Hymenoptera,21.64 km S of Big Sky_08,30,-111.2555,45.0618,Bombus impatiens,0,0
Cameron et al. 2011,Hymenoptera,3.77 km ESE Sheep Creek Lake_08,30,-109.8066,40.8836,Bombus bifarius,30,120
Cameron et al. 2011,Hymenoptera,3.77 km ESE Sheep Creek Lake_08,30,-109.8066,40.8836,Bombus impatiens,0,0
Cameron et al. 2011,Hymenoptera,32.5 km NE Baker City_09,30,-117.57936,45.00649,Bombus bifarius,3,12
Cameron et al. 2011,Hymenoptera,32.5 km NE Baker City_09,30,-117.57936,45.00649,Bombus impatiens,0,0
Cameron et al. 2011,Hymenoptera,32.5 km NE Baker City_08,60,-117.57936,45.00649,Bombus bifarius,39,78
Cameron et al. 2011,Hymenoptera,32.5 km NE Baker City_08,60,-117.57936,45.00649,Bombus impatiens,0,0
Cameron et al. 2011,Hymenoptera,7.13 km NW Gothic_08,30,-107.0588,39.9948,Bombus bifarius,9,36
Cameron et al. 2011,Hymenoptera,7.13 km NW Gothic_08,30,-107.0588,39.9948,Bombus impatiens,0,0
Cameron et al. 2011,Hymenoptera,7.16 km SSE Mt. Hood_08,30,-121.63603,45.32514,Bombus bifarius,25,100
Cameron et al. 2011,Hymenoptera,7.16 km SSE Mt. Hood_08,30,-121.63603,45.32514,Bombus impatiens,0,0
Cameron et al. 2011,Hymenoptera,7.55 km ENE New Meadows_08,90,-116.18861,44.98977,Bombus bifarius,16,21.333333333333332
Cameron et al. 2011,Hymenoptera,7.55 km ENE New Meadows_08,90,-116.18861,44.98977,Bombus impatiens,0,0
Cameron et al. 2011,Hymenoptera,7.93 km NW Gothic_08,30,-107.0526,39.0116,Bombus bifarius,5,20
Cameron et al. 2011,Hymenoptera,7.93 km NW Gothic_08,30,-107.0526,39.0116,Bombus impatiens,0,0
Cameron et al. 2011,Hymenoptera,9.04 km SW Mt. Shasta_07,35,-122.27846,41.34877,Bombus bifarius,0,0
Cameron et al. 2011,Hymenoptera,9.04 km SW Mt. Shasta_07,35,-122.27846,41.34877,Bombus impatiens,0,0
Cameron et al. 2011,Hymenoptera,9.54 km NW Silverthorne_08,45,-106.1513,39.7184,Bombus bifarius,13,34.666666666666664
Cameron et al. 2011,Hymenoptera,9.54 km NW Silverthorne_08,45,-106.1513,39.7184,Bombus impatiens,0,0
Cameron et al. 2011,Hymenoptera,9.63 km SSW Mt. Shasta_07,15,-122.25453,41.32992,Bombus bifarius,0,0
Cameron et al. 2011,Hymenoptera,9.63 km SSW Mt. Shasta_07,15,-122.25453,41.32992,Bombus impatiens,0,0
Cameron et al. 2011,Hymenoptera,"Alpine, 14.5 mi S_08",34,-109.2155,33.69101,Bombus bifarius,0,0
Cameron et al. 2011,Hymenoptera,"Alpine, 14.5 mi S_08",34,-109.2155,33.69101,Bombus impatiens,0,0
Cameron et al. 2011,Hymenoptera,"Anatone, 17 km SE_08",40,-117.2458,46.10825,Bombus bifarius,3,9
Cameron et al. 2011,Hymenoptera,"Anatone, 17 km SE_08",40,-117.2458,46.10825,Bombus impatiens,0,0
Cameron et al. 2011,Hymenoptera,"Anatone, 18.3 km SE_08",30,-117.25697,46.11186,Bombus bifarius,22,88
Cameron et al. 2011,Hymenoptera,"Anatone, 18.3 km SE_08",30,-117.25697,46.11186,Bombus impatiens,0,0
Cameron et al. 2011,Hymenoptera,"Angel Creek Camp, Uncompahgre NF_09",30,-107.69428,38.00169,Bombus bifarius,27,108
Cameron et al. 2011,Hymenoptera,"Angel Creek Camp, Uncompahgre NF_09",30,-107.69428,38.00169,Bombus impatiens,0,0
Cameron et al. 2011,Hymenoptera,Bachelor Prarie_09,15,-118.3755,47.73174,Bombus bifarius,36,288
Cameron et al. 2011,Hymenoptera,Bachelor Prarie_09,15,-118.3755,47.73174,Bombus impatiens,0,0
Cameron et al. 2011,Hymenoptera,"Beaver Meadow, Rocky Mountain NP_09",30,-105.61791,40.36812,Bombus bifarius,9,36
Cameron et al. 2011,Hymenoptera,"Beaver Meadow, Rocky Mountain NP_09",30,-105.61791,40.36812,Bombus impatiens,0,0
Cameron et al. 2011,Hymenoptera,Beaverton Marsh Preserve_09,30,-123.03194,48.55015,Bombus bifarius,5,20
Cameron et al. 2011,Hymenoptera,Beaverton Marsh Preserve_09,30,-123.03194,48.55015,Bombus impatiens,0,0
Cameron et al. 2011,Hymenoptera,Box Death Hollow Wilderness Trailhead_08,15,-111.6546,37.9648,Bombus bifarius,0,0
Cameron et al. 2011,Hymenoptera,Box Death Hollow Wilderness Trailhead_08,15,-111.6546,37.9648,Bombus impatiens,0,0
Cameron et al. 2011,Hymenoptera,"Brighthead, 0.78 km NW_09",30,-122.00958,45.36788,Bombus bifarius,0,0
Cameron et al. 2011,Hymenoptera,"Brighthead, 0.78 km NW_09",30,-122.00958,45.36788,Bombus impatiens,0,0
Cameron et al. 2011,Hymenoptera,"Brush Lake, 5.69 km NNW, Kanisku NF_09",30,-116.27901,48.85286,Bombus bifarius,39,156
Cameron et al. 2011,Hymenoptera,"Brush Lake, 5.69 km NNW, Kanisku NF_09",30,-116.27901,48.85286,Bombus impatiens,0,0
Cameron et al. 2011,Hymenoptera,"Buck Knoll, 0.92 km WNW_09",30,-123.3351,48.02908,Bombus bifarius,0,0
Cameron et al. 2011,Hymenoptera,"Buck Knoll, 0.92 km WNW_09",30,-123.3351,48.02908,Bombus impatiens,0,0
Cameron et al. 2011,Hymenoptera,"Buck Mtn., 0.86 air km SW_09",30,-105.7895,33.3994,Bombus bifarius,0,0
Cameron et al. 2011,Hymenoptera,"Buck Mtn., 0.86 air km SW_09",30,-105.7895,33.3994,Bombus impatiens,0,0
Cameron et al. 2011,Hymenoptera,"Bull Creek Campground, Big Horn NF_09",15,-107.2109,44.1681,Bombus bifarius,3,24
Cameron et al. 2011,Hymenoptera,"Bull Creek Campground, Big Horn NF_09",15,-107.2109,44.1681,Bombus impatiens,0,0
Cameron et al. 2011,Hymenoptera,"Callahan, 7.73 km ESE, Klamath NF_09",30,-122.74858,41.29979,Bombus bifarius,0,0
Cameron et al. 2011,Hymenoptera,"Callahan, 7.73 km ESE, Klamath NF_09",30,-122.74858,41.29979,Bombus impatiens,0,0
Cameron et al. 2011,Hymenoptera,"Canon de Tajique, 4 air km NW_09",30,-106.3285,34.7689,Bombus bifarius,0,0
Cameron et al. 2011,Hymenoptera,"Canon de Tajique, 4 air km NW_09",30,-106.3285,34.7689,Bombus impatiens,0,0
Cameron et al. 2011,Hymenoptera,"Careys Lake, 0.42 km SE_09",30,-121.97182,48.5272,Bombus bifarius,0,0
Cameron et al. 2011,Hymenoptera,"Careys Lake, 0.42 km SE_09",30,-121.97182,48.5272,Bombus impatiens,0,0
Cameron et al. 2011,Hymenoptera,"Cascade Pass Rd, North Cascades NP_09",30,-121.0843,48.48593,Bombus bifarius,0,0
Cameron et al. 2011,Hymenoptera,"Cascade Pass Rd, North Cascades NP_09",30,-121.0843,48.48593,Bombus impatiens,0,0
Cameron et al. 2011,Hymenoptera,"Cashmere, 18 km N_08",30,-120.44181,47.63764,Bombus bifarius,54,216
Cameron et al. 2011,Hymenoptera,"Cashmere, 18 km N_08",30,-120.44181,47.63764,Bombus impatiens,0,0
Cameron et al. 2011,Hymenoptera,"Castle Point, 6.0 km NW, Rogue River NF_09",30,-122.30127,42.90313,Bombus bifarius,34,136
Cameron et al. 2011,Hymenoptera,"Castle Point, 6.0 km NW, Rogue River NF_09",30,-122.30127,42.90313,Bombus impatiens,0,0
Cameron et al. 2011,Hymenoptera,Charleston Reservoir_09,30,-115.50135,41.57888,Bombus bifarius,0,0
Cameron et al. 2011,Hymenoptera,Charleston Reservoir_09,30,-115.50135,41.57888,Bombus impatiens,0,0
Cameron et al. 2011,Hymenoptera,"Cherry Creek Campground, Hebgen Lake, Beaverhead NF_09",60,-111.26383,44.75118,Bombus bifarius,12,24
Cameron et al. 2011,Hymenoptera,"Cherry Creek Campground, Hebgen Lake, Beaverhead NF_09",60,-111.26383,44.75118,Bombus impatiens,0,0
Cameron et al. 2011,Hymenoptera,"Clayton Peak, 1.7 mi NNW_08",20,-111.5721,40.6148,Bombus bifarius,53,318
Cameron et al. 2011,Hymenoptera,"Clayton Peak, 1.7 mi NNW_08",20,-111.5721,40.6148,Bombus impatiens,0,0
Cameron et al. 2011,Hymenoptera,"Clayton Springs, Umatilla NF_09",15,-117.87672,46.09337,Bombus bifarius,13,104
Cameron et al. 2011,Hymenoptera,"Clayton Springs, Umatilla NF_09",15,-117.87672,46.09337,Bombus impatiens,0,0
Cameron et al. 2011,Hymenoptera,Clear Creek_08,50,-113.34954,41.94909,Bombus bifarius,7,16.8
Cameron et al. 2011,Hymenoptera,Clear Creek_08,50,-113.34954,41.94909,Bombus impatiens,0,0
Cameron et al. 2011,Hymenoptera,Clear Creek_07,60,-113.34954,41.94909,Bombus bifarius,78,156
Cameron et al. 2011,Hymenoptera,Clear Creek_07,60,-113.34954,41.94909,Bombus impatiens,0,0
Cameron et al. 2011,Hymenoptera,"Cloudcroft, 12 km SSW_09",15,-105.7836,32.878,Bombus bifarius,0,0
Cameron et al. 2011,Hymenoptera,"Cloudcroft, 12 km SSW_09",15,-105.7836,32.878,Bombus impatiens,0,0
Cameron et al. 2011,Hymenoptera,"Cloudcroft, 5.2 km N_09",45,-105.7304,32.9883,Bombus bifarius,0,0
Cameron et al. 2011,Hymenoptera,"Cloudcroft, 5.2 km N_09",45,-105.7304,32.9883,Bombus impatiens,0,0
Cameron et al. 2011,Hymenoptera,"Cloudcroft, 5.4 km S_09",15,-105.7577,32.9229,Bombus bifarius,0,0
Cameron et al. 2011,Hymenoptera,"Cloudcroft, 5.4 km S_09",15,-105.7577,32.9229,Bombus impatiens,0,0
Cameron et al. 2011,Hymenoptera,"Clyde Park, 1.88 km W_09",30,-110.62844,45.88314,Bombus bifarius,4,16
Cameron et al. 2011,Hymenoptera,"Clyde Park, 1.88 km W_09",30,-110.62844,45.88314,Bombus impatiens,0,0
Cameron et al. 2011,Hymenoptera,"Como Lake Campground, Bitteroot NF_09",30,-114.24847,46.06763,Bombus bifarius,24,96
Cameron et al. 2011,Hymenoptera,"Como Lake Campground, Bitteroot NF_09",30,-114.24847,46.06763,Bombus impatiens,0,0
Cameron et al. 2011,Hymenoptera,"Conundrum Creek, Wallowa-Whitman NF_09",15,-117.51675,45.00633,Bombus bifarius,16,128
Cameron et al. 2011,Hymenoptera,"Conundrum Creek, Wallowa-Whitman NF_09",15,-117.51675,45.00633,Bombus impatiens,0,0
Cameron et al. 2011,Hymenoptera,"Cow Camp Spring, Big Horn NF_09",30,-106.94241,44.31898,Bombus bifarius,9,36
Cameron et al. 2011,Hymenoptera,"Cow Camp Spring, Big Horn NF_09",30,-106.94241,44.31898,Bombus impatiens,0,0
Cameron et al. 2011,Hymenoptera,"Coyote Mtn, 2.78 mi SW, Willamette NF_09",20,-122.23879,43.67344,Bombus bifarius,0,0
Cameron et al. 2011,Hymenoptera,"Coyote Mtn, 2.78 mi SW, Willamette NF_09",20,-122.23879,43.67344,Bombus impatiens,0,0
Cameron et al. 2011,Hymenoptera,"Cyclone Lake, 0.9 km S_08",60,-111.7241,37.9737,Bombus bifarius,40,80
Cameron et al. 2011,Hymenoptera,"Cyclone Lake, 0.9 km S_08",60,-111.7241,37.9737,Bombus impatiens,0,0
Cameron et al. 2011,Hymenoptera,"Daley Gulch, San Isabel NF_09",30,-105.98926,38.83969,Bombus bifarius,20,80
Cameron et al. 2011,Hymenoptera,"Daley Gulch, San Isabel NF_09",30,-105.98926,38.83969,Bombus impatiens,0,0
Cameron et al. 2011,Hymenoptera,"Death Hollow, above_08",20,-111.6059,37.9794,Bombus bifarius,44,264
Cameron et al. 2011,Hymenoptera,"Death Hollow, above_08",20,-111.6059,37.9794,Bombus impatiens,0,0
Cameron et al. 2011,Hymenoptera,Deer Harbor Preserve_09,30,-123.00058,48.62174,Bombus bifarius,36,144
Cameron et al. 2011,Hymenoptera,Deer Harbor Preserve_09,30,-123.00058,48.62174,Bombus impatiens,0,0
Cameron et al. 2011,Hymenoptera,"Delphi, 6.5 air km SE_08",60,-123.10229,46.96064,Bombus bifarius,0,0
Cameron et al. 2011,Hymenoptera,"Delphi, 6.5 air km SE_08",60,-123.10229,46.96064,Bombus impatiens,0,0
Cameron et al. 2011,Hymenoptera,"Diamond Lake, Umpqua NF_09",40,-122.14285,43.13683,Bombus bifarius,22,66
Cameron et al. 2011,Hymenoptera,"Diamond Lake, Umpqua NF_09",40,-122.14285,43.13683,Bombus impatiens,0,0
Cameron et al. 2011,Hymenoptera,"Dry Gulch Rd, Estes Park_09",30,-105.48759,40.39179,Bombus bifarius,25,100
Cameron et al. 2011,Hymenoptera,"Dry Gulch Rd, Estes Park_09",30,-105.48759,40.39179,Bombus impatiens,0,0
Cameron et al. 2011,Hymenoptera,"Easy Pass Campground, Wenatchee NF_09",20,-120.8037,48.58761,Bombus bifarius,0,0
Cameron et al. 2011,Hymenoptera,"Easy Pass Campground, Wenatchee NF_09",20,-120.8037,48.58761,Bombus impatiens,0,0
Cameron et al. 2011,Hymenoptera,"Eldora Lake, 0.65 km ENE, Arapaho NF_09",30,-105.5595,39.94036,Bombus bifarius,52,208
Cameron et al. 2011,Hymenoptera,"Eldora Lake, 0.65 km ENE, Arapaho NF_09",30,-105.5595,39.94036,Bombus impatiens,0,0
Cameron et al. 2011,Hymenoptera,"Escalante, 25 km N_08",25,-111.6924,37.9344,Bombus bifarius,9,43.199999999999996
Cameron et al. 2011,Hymenoptera,"Escalante, 25 km N_08",25,-111.6924,37.9344,Bombus impatiens,0,0
Cameron et al. 2011,Hymenoptera,"Fish Lake Trailhead, Glacier NP_09",30,-113.87173,48.61515,Bombus bifarius,0,0
Cameron et al. 2011,Hymenoptera,"Fish Lake Trailhead, Glacier NP_09",30,-113.87173,48.61515,Bombus impatiens,0,0
Cameron et al. 2011,Hymenoptera,"Frye Lake, 6.08 km NE_09",30,-108.81688,42.74415,Bombus bifarius,14,56
Cameron et al. 2011,Hymenoptera,"Frye Lake, 6.08 km NE_09",30,-108.81688,42.74415,Bombus impatiens,0,0
Cameron et al. 2011,Hymenoptera,Glendo State Park (WY08.site02)_08,90,-105.00698,42.4831,Bombus bifarius,0,0
Cameron et al. 2011,Hymenoptera,Glendo State Park (WY08.site02)_08,90,-105.00698,42.4831,Bombus impatiens,0,0
Cameron et al. 2011,Hymenoptera,"Glenoma, 4.92 km ENE_09",30,-122.10821,46.53815,Bombus bifarius,0,0
Cameron et al. 2011,Hymenoptera,"Glenoma, 4.92 km ENE_09",30,-122.10821,46.53815,Bombus impatiens,0,0
Cameron et al. 2011,Hymenoptera,"Golden Horn, 7.96 km ESE, Wenatchee NF_09",30,-120.83583,48.62165,Bombus bifarius,3,12
Cameron et al. 2011,Hymenoptera,"Golden Horn, 7.96 km ESE, Wenatchee NF_09",30,-120.83583,48.62165,Bombus impatiens,0,0
Cameron et al. 2011,Hymenoptera,"Grizzly Peak Trailhead, Rogue River NF_09",30,-122.6074,42.27179,Bombus bifarius,0,0
Cameron et al. 2011,Hymenoptera,"Grizzly Peak Trailhead, Rogue River NF_09",30,-122.6074,42.27179,Bombus impatiens,0,0
Cameron et al. 2011,Hymenoptera,"Guardsman Pass, 0.4 km E_08",20,-111.5507,40.6084,Bombus bifarius,24,144
Cameron et al. 2011,Hymenoptera,"Guardsman Pass, 0.4 km E_08",20,-111.5507,40.6084,Bombus impatiens,0,0
Cameron et al. 2011,Hymenoptera,"Guardsman Pass, 6.06km SSW of Park City_08",30,-111.537,40.6099,Bombus bifarius,40,160
Cameron et al. 2011,Hymenoptera,"Guardsman Pass, 6.06km SSW of Park City_08",30,-111.537,40.6099,Bombus impatiens,0,0
Cameron et al. 2011,Hymenoptera,"Guardsman Pass, 7.09km SSW of Park City_08",15,-111.555,40.6065,Bombus bifarius,1,8
Cameron et al. 2011,Hymenoptera,"Guardsman Pass, 7.09km SSW of Park City_08",15,-111.555,40.6065,Bombus impatiens,0,0
Cameron et al. 2011,Hymenoptera,"Guardsman Pass, 7.09km SSW of Park City_09",30,-111.555,40.6065,Bombus bifarius,4,16
Cameron et al. 2011,Hymenoptera,"Guardsman Pass, 7.09km SSW of Park City_09",30,-111.555,40.6065,Bombus impatiens,0,0
Cameron et al. 2011,Hymenoptera,Happy Gap Fork_09,30,-116.70358,48.29945,Bombus bifarius,11,44
Cameron et al. 2011,Hymenoptera,Happy Gap Fork_09,30,-116.70358,48.29945,Bombus impatiens,0,0
Cameron et al. 2011,Hymenoptera,"Harlequin Lake, Yellowstone NP_09",60,-110.89222,44.64296,Bombus bifarius,2,4
Cameron et al. 2011,Hymenoptera,"Harlequin Lake, Yellowstone NP_09",60,-110.89222,44.64296,Bombus impatiens,0,0
Cameron et al. 2011,Hymenoptera,Harriman State Park_09,15,-111.45519,44.30858,Bombus bifarius,0,0
Cameron et al. 2011,Hymenoptera,Harriman State Park_09,15,-111.45519,44.30858,Bombus impatiens,0,0
Cameron et al. 2011,Hymenoptera,Harts Pass 0.5 mi N_09,30,-120.6636,48.7247,Bombus bifarius,17,68
Cameron et al. 2011,Hymenoptera,Harts Pass 0.5 mi N_09,30,-120.6636,48.7247,Bombus impatiens,0,0
Cameron et al. 2011,Hymenoptera,"Hazelwood, 1.27 km ENE_09",15,-117.56119,47.63734,Bombus bifarius,0,0
Cameron et al. 2011,Hymenoptera,"Hazelwood, 1.27 km ENE_09",15,-117.56119,47.63734,Bombus impatiens,0,0
Cameron et al. 2011,Hymenoptera,"Hebgen Lake, 15.22km NW of West Yellowstone_08",30,-111.259,44.7438,Bombus bifarius,20,80
Cameron et al. 2011,Hymenoptera,"Hebgen Lake, 15.22km NW of West Yellowstone_08",30,-111.259,44.7438,Bombus impatiens,0,0
Cameron et al. 2011,Hymenoptera,"Henry Mountains, Bull Creek Pass_08",60,-110.8019,38.0861,Bombus bifarius,1,2
Cameron et al. 2011,Hymenoptera,"Henry Mountains, Bull Creek Pass_08",60,-110.8019,38.0861,Bombus impatiens,0,0
Cameron et al. 2011,Hymenoptera,"Henry Mountains, Nasty Flat, 1.1mi NE_08",40,-110.8034,38.0769,Bombus bifarius,19,57
Cameron et al. 2011,Hymenoptera,"Henry Mountains, Nasty Flat, 1.1mi NE_08",40,-110.8034,38.0769,Bombus impatiens,0,0
Cameron et al. 2011,Hymenoptera,"Henry Mountains, Pearl Flat_08",60,-110.7864,38.0883,Bombus bifarius,21,42
Cameron et al. 2011,Hymenoptera,"Henry Mountains, Pearl Flat_08",60,-110.7864,38.0883,Bombus impatiens,0,0
Cameron et al. 2011,Hymenoptera,"Henry Mountains, Pearl Flat, .8 mi NNE_08",40,-110.7811,38.1013,Bombus bifarius,36,108
Cameron et al. 2011,Hymenoptera,"Henry Mountains, Pearl Flat, .8 mi NNE_08",40,-110.7811,38.1013,Bombus impatiens,0,0
Cameron et al. 2011,Hymenoptera,"Henry Mtns., 0.64km SE of Durfy Butte_08",65,-110.8185,38.0657,Bombus bifarius,12,22.153846153846157
Cameron et al. 2011,Hymenoptera,"Henry Mtns., 0.64km SE of Durfy Butte_08",65,-110.8185,38.0657,Bombus impatiens,0,0
Cameron et al. 2011,Hymenoptera,"Huckleberry Mtn, 4.76 km NNE, Umatilla NF_09",10,-118.02528,45.65833,Bombus bifarius,0,0
Cameron et al. 2011,Hymenoptera,"Huckleberry Mtn, 4.76 km NNE, Umatilla NF_09",10,-118.02528,45.65833,Bombus impatiens,0,0
Cameron et al. 2011,Hymenoptera,"Humboldt NF, 0.15mi S by E of head of NFD 122 Road_09",30,-115.44721,40.66422,Bombus bifarius,6,24
Cameron et al. 2011,Hymenoptera,"Humboldt NF, 0.15mi S by E of head of NFD 122 Road_09",30,-115.44721,40.66422,Bombus impatiens,0,0
Cameron et al. 2011,Hymenoptera,"Humboldt NF, 0.15mi S by E of head of NFD 122 Road_08",60,-115.44721,40.66422,Bombus bifarius,131,262
Cameron et al. 2011,Hymenoptera,"Humboldt NF, 0.15mi S by E of head of NFD 122 Road_08",60,-115.44721,40.66422,Bombus impatiens,0,0
Cameron et al. 2011,Hymenoptera,"Humboldt NF, 0.15mi S by E of head of NFD 122 Road_07",70,-115.44721,40.66422,Bombus bifarius,47,80.57142857142857
Cameron et al. 2011,Hymenoptera,"Humboldt NF, 0.15mi S by E of head of NFD 122 Road_07",70,-115.44721,40.66422,Bombus impatiens,0,0
Cameron et al. 2011,Hymenoptera,"Humboldt NF, 0.79mi SE of Island Lake_07",60,-115.37538,40.60437,Bombus bifarius,25,50
Cameron et al. 2011,Hymenoptera,"Humboldt NF, 0.79mi SE of Island Lake_07",60,-115.37538,40.60437,Bombus impatiens,0,0
Cameron et al. 2011,Hymenoptera,"Humboldt NF, 1.00mi NE of Island Lake_07",30,-115.36742,40.6252,Bombus bifarius,5,20
Cameron et al. 2011,Hymenoptera,"Humboldt NF, 1.00mi NE of Island Lake_07",30,-115.36742,40.6252,Bombus impatiens,0,0
Cameron et al. 2011,Hymenoptera,Hummel Lake_09,30,-122.89218,48.51715,Bombus bifarius,0,0
Cameron et al. 2011,Hymenoptera,Hummel Lake_09,30,-122.89218,48.51715,Bombus impatiens,0,0
Cameron et al. 2011,Hymenoptera,"Hungry Horse Dam, Lost Johnny Point, 1.60 NNE_09",30,-113.98406,48.30446,Bombus bifarius,29,116
Cameron et al. 2011,Hymenoptera,"Hungry Horse Dam, Lost Johnny Point, 1.60 NNE_09",30,-113.98406,48.30446,Bombus impatiens,0,0
Cameron et al. 2011,Hymenoptera,Hwy 85 near SD border (WY08.site06)_08,120,-104.10657,44.13633,Bombus bifarius,25,25
Cameron et al. 2011,Hymenoptera,Hwy 85 near SD border (WY08.site06)_08,120,-104.10657,44.13633,Bombus impatiens,0,0
Cameron et al. 2011,Hymenoptera,"Index, 8 km NW_08",30,-121.49251,47.86216,Bombus bifarius,0,0
Cameron et al. 2011,Hymenoptera,"Index, 8 km NW_08",30,-121.49251,47.86216,Bombus impatiens,0,0
Cameron et al. 2011,Hymenoptera,"Indian Creek Rd, 1.47mi of Silver Gulch_08",30,-123.50289,41.96575,Bombus bifarius,2,8
Cameron et al. 2011,Hymenoptera,"Indian Creek Rd, 1.47mi of Silver Gulch_08",30,-123.50289,41.96575,Bombus impatiens,0,0
Cameron et al. 2011,Hymenoptera,"Indian Creek Rd, 1.47mi of Silver Gulch_07",60,-123.50289,41.96575,Bombus bifarius,0,0
Cameron et al. 2011,Hymenoptera,"Indian Creek Rd, 1.47mi of Silver Gulch_07",60,-123.50289,41.96575,Bombus impatiens,0,0
Cameron et al. 2011,Hymenoptera,"Jarbidge Mtns., 1.33 Mi SW by S Coon Cr Pk_08",30,-115.47797,41.79013,Bombus bifarius,5,20
Cameron et al. 2011,Hymenoptera,"Jarbidge Mtns., 1.33 Mi SW by S Coon Cr Pk_08",30,-115.47797,41.79013,Bombus impatiens,0,0
Cameron et al. 2011,Hymenoptera,"Jarbidge Mtns., 1.4 Mi SW Coon Cr Pk_08",30,-115.4893,41.79484,Bombus bifarius,12,48
Cameron et al. 2011,Hymenoptera,"Jarbidge Mtns., 1.4 Mi SW Coon Cr Pk_08",30,-115.4893,41.79484,Bombus impatiens,0,0
Cameron et al. 2011,Hymenoptera,"Kraut Canyon, nr. Bonito Lake_09",30,-105.7356,33.4609,Bombus bifarius,0,0
Cameron et al. 2011,Hymenoptera,"Kraut Canyon, nr. Bonito Lake_09",30,-105.7356,33.4609,Bombus impatiens,0,0
Cameron et al. 2011,Hymenoptera,"Lake of the Woods Meadow, 5.33 km NE Mt. McLoughlin_08",30,-122.21477,42.38925,Bombus bifarius,17,68
Cameron et al. 2011,Hymenoptera,"Lake of the Woods Meadow, 5.33 km NE Mt. McLoughlin_08",30,-122.21477,42.38925,Bombus impatiens,0,0
Cameron et al. 2011,Hymenoptera,"Lake of the Woods Meadow, 5.33 km NE Mt. McLoughlin_09",60,-122.21477,42.38925,Bombus bifarius,58,116
Cameron et al. 2011,Hymenoptera,"Lake of the Woods Meadow, 5.33 km NE Mt. McLoughlin_09",60,-122.21477,42.38925,Bombus impatiens,0,0
Cameron et al. 2011,Hymenoptera,Lake Selmac_08,30,-123.58508,42.26207,Bombus bifarius,0,0
Cameron et al. 2011,Hymenoptera,Lake Selmac_08,30,-123.58508,42.26207,Bombus impatiens,0,0
Cameron et al. 2011,Hymenoptera,Lakeview_09,80,-120.349,42.1836,Bombus bifarius,12,18
Cameron et al. 2011,Hymenoptera,Lakeview_09,80,-120.349,42.1836,Bombus impatiens,0,0
Cameron et al. 2011,Hymenoptera,Langdon Lake_09,30,-118.0876,45.7788,Bombus bifarius,4,16
Cameron et al. 2011,Hymenoptera,Langdon Lake_09,30,-118.0876,45.7788,Bombus impatiens,0,0
Cameron et al. 2011,Hymenoptera,"Langdon Lake, 0.97 km ESE, Umatilla NF_09",30,-118.08175,45.77617,Bombus bifarius,30,120
Cameron et al. 2011,Hymenoptera,"Langdon Lake, 0.97 km ESE, Umatilla NF_09",30,-118.08175,45.77617,Bombus impatiens,0,0
Cameron et al. 2011,Hymenoptera,"Lassen NF, 5.80mi E by S of Burney_07",50,-121.56048,40.87766,Bombus bifarius,0,0
Cameron et al. 2011,Hymenoptera,"Lassen NF, 5.80mi E by S of Burney_07",50,-121.56048,40.87766,Bombus impatiens,0,0
Cameron et al. 2011,Hymenoptera,"Lemolo Lake, Umpqua NF_09",30,-122.18837,43.3194,Bombus bifarius,48,192
Cameron et al. 2011,Hymenoptera,"Lemolo Lake, Umpqua NF_09",30,-122.18837,43.3194,Bombus impatiens,0,0
Cameron et al. 2011,Hymenoptera,"Lilliwaup, 2.50 km NE_09",10,-123.08805,47.4775,Bombus bifarius,0,0
Cameron et al. 2011,Hymenoptera,"Lilliwaup, 2.50 km NE_09",10,-123.08805,47.4775,Bombus impatiens,0,0
Cameron et al. 2011,Hymenoptera,Lime Kiln Meadows_09,30,-123.14733,48.51947,Bombus bifarius,32,128
Cameron et al. 2011,Hymenoptera,Lime Kiln Meadows_09,30,-123.14733,48.51947,Bombus impatiens,0,0
Cameron et al. 2011,Hymenoptera,"Little Bald Mtn, 2.20 km NW_09",15,-107.75322,44.76362,Bombus bifarius,0,0
Cameron et al. 2011,Hymenoptera,"Little Bald Mtn, 2.20 km NW_09",15,-107.75322,44.76362,Bombus impatiens,0,0
Cameron et al. 2011,Hymenoptera,"Lolo Hot Springs, 2.18 NW_09",30,-114.52659,46.70816,Bombus bifarius,49,196
Cameron et al. 2011,Hymenoptera,"Lolo Hot Springs, 2.18 NW_09",30,-114.52659,46.70816,Bombus impatiens,0,0
Cameron et al. 2011,Hymenoptera,Loony House_09,30,-122.92571,47.05577,Bombus bifarius,0,0
Cameron et al. 2011,Hymenoptera,Loony House_09,30,-122.92571,47.05577,Bombus impatiens,0,0
Cameron et al. 2011,Hymenoptera,"Lost Trail Ski Area, Bitteroot NF_09",30,-113.95238,45.69219,Bombus bifarius,27,108
Cameron et al. 2011,Hymenoptera,"Lost Trail Ski Area, Bitteroot NF_09",30,-113.95238,45.69219,Bombus impatiens,0,0
Cameron et al. 2011,Hymenoptera,"Loup Loup Ski Area, Okanogan NF_09",15,-119.90317,48.39298,Bombus bifarius,36,288
Cameron et al. 2011,Hymenoptera,"Loup Loup Ski Area, Okanogan NF_09",15,-119.90317,48.39298,Bombus impatiens,0,0
Cameron et al. 2011,Hymenoptera,"Lower Thompson Lake, 1.60 km ENE_09",30,-115.01229,48.02376,Bombus bifarius,15,60
Cameron et al. 2011,Hymenoptera,"Lower Thompson Lake, 1.60 km ENE_09",30,-115.01229,48.02376,Bombus impatiens,0,0
Cameron et al. 2011,Hymenoptera,"Manzano, 1.8 km NW; Canon Nuevo_09",30,-106.3549,34.666,Bombus bifarius,0,0
Cameron et al. 2011,Hymenoptera,"Manzano, 1.8 km NW; Canon Nuevo_09",30,-106.3549,34.666,Bombus impatiens,0,0
Cameron et al. 2011,Hymenoptera,"Mays Peak, 0.96 km ESE, Pike NF_09",30,-104.88625,38.79776,Bombus bifarius,6,24
Cameron et al. 2011,Hymenoptera,"Mays Peak, 0.96 km ESE, Pike NF_09",30,-104.88625,38.79776,Bombus impatiens,0,0
Cameron et al. 2011,Hymenoptera,"McCall, 11 air km N NE_08",30,-116.15892,45.00276,Bombus bifarius,10,40
Cameron et al. 2011,Hymenoptera,"McCall, 11 air km N NE_08",30,-116.15892,45.00276,Bombus impatiens,0,0
Cameron et al. 2011,Hymenoptera,"McCredie Springs, 5.60 km NW, Willamette NF_09",30,-122.23874,43.67347,Bombus bifarius,0,0
Cameron et al. 2011,Hymenoptera,"McCredie Springs, 5.60 km NW, Willamette NF_09",30,-122.23874,43.67347,Bombus impatiens,0,0
Cameron et al. 2011,Hymenoptera,"Medicine Bow NF, Corner Mountain Trailhead (WY08.site01)_08",120,-106.15729,41.32129,Bombus bifarius,42,42
Cameron et al. 2011,Hymenoptera,"Medicine Bow NF, Corner Mountain Trailhead (WY08.site01)_08",120,-106.15729,41.32129,Bombus impatiens,0,0
Cameron et al. 2011,Hymenoptera,"Medicine Mtn, 1.60 km N, Big Horn NF_09",30,-107.90035,44.80227,Bombus bifarius,11,44
Cameron et al. 2011,Hymenoptera,"Medicine Mtn, 1.60 km N, Big Horn NF_09",30,-107.90035,44.80227,Bombus impatiens,0,0
Cameron et al. 2011,Hymenoptera,"Mill Creek Campground, Gallatin NF_09",30,-110.56695,45.31757,Bombus bifarius,16,64
Cameron et al. 2011,Hymenoptera,"Mill Creek Campground, Gallatin NF_09",30,-110.56695,45.31757,Bombus impatiens,0,0
Cameron et al. 2011,Hymenoptera,"Montanapolis Springs, Gallatin NF_09",30,-110.53631,45.2879,Bombus bifarius,2,8
Cameron et al. 2011,Hymenoptera,"Montanapolis Springs, Gallatin NF_09",30,-110.53631,45.2879,Bombus impatiens,0,0
Cameron et al. 2011,Hymenoptera,"Mt Hood Meadows Lodge, 0.77 km WNW, Mt. Hood NF_09",30,-121.65996,45.325920000000004,Bombus bifarius,24,96
Cameron et al. 2011,Hymenoptera,"Mt Hood Meadows Lodge, 0.77 km WNW, Mt. Hood NF_09",30,-121.65996,45.325920000000004,Bombus impatiens,0,0
Cameron et al. 2011,Hymenoptera,Mutts Meadow_09,30,-107.4396,44.7763,Bombus bifarius,1,4
Cameron et al. 2011,Hymenoptera,Mutts Meadow_09,30,-107.4396,44.7763,Bombus impatiens,0,0
Cameron et al. 2011,Hymenoptera,"Naselle, 0.75 km S_08",15,-123.81525,46.36125,Bombus bifarius,0,0
Cameron et al. 2011,Hymenoptera,"Naselle, 0.75 km S_08",15,-123.81525,46.36125,Bombus impatiens,0,0
Cameron et al. 2011,Hymenoptera,North of Nederland (CO08.site03)_08,120,-105.51353,40.02302,Bombus bifarius,1,1
Cameron et al. 2011,Hymenoptera,North of Nederland (CO08.site03)_08,120,-105.51353,40.02302,Bombus impatiens,0,0
Cameron et al. 2011,Hymenoptera,"Oak Creek Campground, 1.07 km NE, San Isabel NF_09",30,-105.25665,38.30141,Bombus bifarius,7,28
Cameron et al. 2011,Hymenoptera,"Oak Creek Campground, 1.07 km NE, San Isabel NF_09",30,-105.25665,38.30141,Bombus impatiens,0,0
Cameron et al. 2011,Hymenoptera,Off of Platte River Road (CO08.site02)_08,90,-105.17249,39.37745,Bombus bifarius,10,13.333333333333334
Cameron et al. 2011,Hymenoptera,Off of Platte River Road (CO08.site02)_08,90,-105.17249,39.37745,Bombus impatiens,0,0
Cameron et al. 2011,Hymenoptera,One Mile Fork_07,60,-113.44881,41.96012,Bombus bifarius,36,72
Cameron et al. 2011,Hymenoptera,One Mile Fork_07,60,-113.44881,41.96012,Bombus impatiens,0,0
Cameron et al. 2011,Hymenoptera,Ouray_09,30,-107.68045,38.0395,Bombus bifarius,0,0
Cameron et al. 2011,Hymenoptera,Ouray_09,30,-107.68045,38.0395,Bombus impatiens,0,0
Cameron et al. 2011,Hymenoptera,"Owyhee River, Humboldt NF_09",30,-115.88476,41.72003,Bombus bifarius,3,12
Cameron et al. 2011,Hymenoptera,"Owyhee River, Humboldt NF_09",30,-115.88476,41.72003,Bombus impatiens,0,0
Cameron et al. 2011,Hymenoptera,"Park City, 3.8 mi S_08",16,-111.5242,40.6065,Bombus bifarius,25,187.5
Cameron et al. 2011,Hymenoptera,"Park City, 3.8 mi S_08",16,-111.5242,40.6065,Bombus impatiens,0,0
Cameron et al. 2011,Hymenoptera,"Pike NF, Painted Rock Camp (CO08.site01)_08",30,-105.10474,39.08366,Bombus bifarius,13,52
Cameron et al. 2011,Hymenoptera,"Pike NF, Painted Rock Camp (CO08.site01)_08",30,-105.10474,39.08366,Bombus impatiens,0,0
Cameron et al. 2011,Hymenoptera,Pine Creek_09,25,-111.6686,37.9049,Bombus bifarius,6,28.799999999999997
Cameron et al. 2011,Hymenoptera,Pine Creek_09,25,-111.6686,37.9049,Bombus impatiens,0,0
Cameron et al. 2011,Hymenoptera,"Pinnacles, Crater Lake NP_09",30,-122.01797,42.85447,Bombus bifarius,14,56
Cameron et al. 2011,Hymenoptera,"Pinnacles, Crater Lake NP_09",30,-122.01797,42.85447,Bombus impatiens,0,0
Cameron et al. 2011,Hymenoptera,"Pintler Lake, Deer Lodge NF_09",30,-113.43752,45.83865,Bombus bifarius,44,176
Cameron et al. 2011,Hymenoptera,"Pintler Lake, Deer Lodge NF_09",30,-113.43752,45.83865,Bombus impatiens,0,0
Cameron et al. 2011,Hymenoptera,"Posey Lake, 0.5 mi SSE_08",25,-111.6912,37.9313,Bombus bifarius,2,9.6
Cameron et al. 2011,Hymenoptera,"Posey Lake, 0.5 mi SSE_08",25,-111.6912,37.9313,Bombus impatiens,0,0
Cameron et al. 2011,Hymenoptera,"Powder Ski Area, Big Horn NF_09",30,-107.2138,44.16488,Bombus bifarius,24,96
Cameron et al. 2011,Hymenoptera,"Powder Ski Area, Big Horn NF_09",30,-107.2138,44.16488,Bombus impatiens,0,0
Cameron et al. 2011,Hymenoptera,"Powerhouse Picnic Area, Humboldt NF_09",30,-115.47589,40.69176,Bombus bifarius,4,16
Cameron et al. 2011,Hymenoptera,"Powerhouse Picnic Area, Humboldt NF_09",30,-115.47589,40.69176,Bombus impatiens,0,0
Cameron et al. 2011,Hymenoptera,"Prospector Avenue, 1.10km E of Park City_08",30,-111.496,40.6619,Bombus bifarius,22,88
Cameron et al. 2011,Hymenoptera,"Prospector Avenue, 1.10km E of Park City_08",30,-111.496,40.6619,Bombus impatiens,0,0
Cameron et al. 2011,Hymenoptera,Pullman_09,30,-117.17,46.73,Bombus bifarius,0,0
Cameron et al. 2011,Hymenoptera,Pullman_09,30,-117.17,46.73,Bombus impatiens,0,0
Cameron et al. 2011,Hymenoptera,"Radio Hill, 12.17 km WNW, Snoqualmie NF_09",30,-121.74509,47.16485,Bombus bifarius,0,0
Cameron et al. 2011,Hymenoptera,"Radio Hill, 12.17 km WNW, Snoqualmie NF_09",30,-121.74509,47.16485,Bombus impatiens,0,0
Cameron et al. 2011,Hymenoptera,"Rainy Pass, Wenatchee NF_09",30,-120.73407,48.51906,Bombus bifarius,5,20
Cameron et al. 2011,Hymenoptera,"Rainy Pass, Wenatchee NF_09",30,-120.73407,48.51906,Bombus impatiens,0,0
Cameron et al. 2011,Hymenoptera,"Richland, 30.3 air km NW_08",120,-117.43202,44.96838,Bombus bifarius,28,28
Cameron et al. 2011,Hymenoptera,"Richland, 30.3 air km NW_08",120,-117.43202,44.96838,Bombus impatiens,0,0
Cameron et al. 2011,Hymenoptera,"Riddle Lake, Yellowstone NP_09",30,-110.578,44.35918,Bombus bifarius,2,8
Cameron et al. 2011,Hymenoptera,"Riddle Lake, Yellowstone NP_09",30,-110.578,44.35918,Bombus impatiens,0,0
Cameron et al. 2011,Hymenoptera,Robinson Canyon_09,30,-105.7636,33.4605,Bombus bifarius,0,0
Cameron et al. 2011,Hymenoptera,Robinson Canyon_09,30,-105.7636,33.4605,Bombus impatiens,0,0
Cameron et al. 2011,Hymenoptera,Rt 67 (CO08.site04)_08,90,-105.15589,39.15588,Bombus bifarius,46,61.333333333333336
Cameron et al. 2011,Hymenoptera,Rt 67 (CO08.site04)_08,90,-105.15589,39.15588,Bombus impatiens,0,0
Cameron et al. 2011,Hymenoptera,"Ruby Mountains, Lamoille Canyon_08",30,-115.3824,40.5983,Bombus bifarius,0,0
Cameron et al. 2011,Hymenoptera,"Ruby Mountains, Lamoille Canyon_08",30,-115.3824,40.5983,Bombus impatiens,0,0
Cameron et al. 2011,Hymenoptera,"Ryan Park, 7.69 km E, Medicine Bow NF_09",30,-106.41233,41.32207,Bombus bifarius,1,4
Cameron et al. 2011,Hymenoptera,"Ryan Park, 7.69 km E, Medicine Bow NF_09",30,-106.41233,41.32207,Bombus impatiens,0,0
Cameron et al. 2011,Hymenoptera,"San Mateo Mtns, Eagle Spring, Bear Canyon_09",15,-107.5229,33.8786,Bombus bifarius,0,0
Cameron et al. 2011,Hymenoptera,"San Mateo Mtns, Eagle Spring, Bear Canyon_09",15,-107.5229,33.8786,Bombus impatiens,0,0
Cameron et al. 2011,Hymenoptera,"Sawtooth NF, nr N Mouth of Bull Canyon_08",30,-113.31967,41.95429,Bombus bifarius,7,28
Cameron et al. 2011,Hymenoptera,"Sawtooth NF, nr N Mouth of Bull Canyon_08",30,-113.31967,41.95429,Bombus impatiens,0,0
Cameron et al. 2011,Hymenoptera,"Silver Creek, 3.2 km W_08",30,-122.55806,46.52201,Bombus bifarius,0,0
Cameron et al. 2011,Hymenoptera,"Silver Creek, 3.2 km W_08",30,-122.55806,46.52201,Bombus impatiens,0,0
Cameron et al. 2011,Hymenoptera,"Silver Crest Ski Area, Lewis NF_09",30,-110.67823,46.85804,Bombus bifarius,17,68
Cameron et al. 2011,Hymenoptera,"Silver Crest Ski Area, Lewis NF_09",30,-110.67823,46.85804,Bombus impatiens,0,0
Cameron et al. 2011,Hymenoptera,"Silver Star Mtn, 6.53 km SSW_09",20,-120.54421,48.59934,Bombus bifarius,4,24
Cameron et al. 2011,Hymenoptera,"Silver Star Mtn, 6.53 km SSW_09",20,-120.54421,48.59934,Bombus impatiens,0,0
Cameron et al. 2011,Hymenoptera,"Sinks Canyon Campground, Shoshone NF_09",30,-108.83656,42.73656,Bombus bifarius,5,20
Cameron et al. 2011,Hymenoptera,"Sinks Canyon Campground, Shoshone NF_09",30,-108.83656,42.73656,Bombus impatiens,0,0
Cameron et al. 2011,Hymenoptera,"Ski Bowl West, Mt Hood NF_09",20,-121.77001,45.30253,Bombus bifarius,0,0
Cameron et al. 2011,Hymenoptera,"Ski Bowl West, Mt Hood NF_09",20,-121.77001,45.30253,Bombus impatiens,0,0
Cameron et al. 2011,Hymenoptera,"Skokomish, 19 km E_08",25,-123.32477,47.35185,Bombus bifarius,0,0
Cameron et al. 2011,Hymenoptera,"Skokomish, 19 km E_08",25,-123.32477,47.35185,Bombus impatiens,0,0
Cameron et al. 2011,Hymenoptera,"Skokomish, 24 km NE_08",30,-123.3113,47.387,Bombus bifarius,0,0
Cameron et al. 2011,Hymenoptera,"Skokomish, 24 km NE_08",30,-123.3113,47.387,Bombus impatiens,0,0
Cameron et al. 2011,Hymenoptera,Smoot Hill_09,15,-117.24027,46.82963,Bombus bifarius,0,0
Cameron et al. 2011,Hymenoptera,Smoot Hill_09,15,-117.24027,46.82963,Bombus impatiens,0,0
Cameron et al. 2011,Hymenoptera,Smoot Hill_08,30,-117.24027,46.82963,Bombus bifarius,0,0
Cameron et al. 2011,Hymenoptera,Smoot Hill_08,30,-117.24027,46.82963,Bombus impatiens,0,0
Cameron et al. 2011,Hymenoptera,"Snowy Range, Medicine Bow NF_09",30,-106.18425,41.34644,Bombus bifarius,24,96
Cameron et al. 2011,Hymenoptera,"Snowy Range, Medicine Bow NF_09",30,-106.18425,41.34644,Bombus impatiens,0,0
Cameron et al. 2011,Hymenoptera,"Soldier Summit, 4.35 km S_08",35,-111.0527,39.8938,Bombus bifarius,19,65.14285714285714
Cameron et al. 2011,Hymenoptera,"Soldier Summit, 4.35 km S_08",35,-111.0527,39.8938,Bombus impatiens,0,0
Cameron et al. 2011,Hymenoptera,Sourdough Creek_08,30,-106.9864,44.2413,Bombus bifarius,24,96
Cameron et al. 2011,Hymenoptera,Sourdough Creek_08,30,-106.9864,44.2413,Bombus impatiens,0,0
Cameron et al. 2011,Hymenoptera,Spirit Lake_08,30,-109.9965,40.8429,Bombus bifarius,3,12
Cameron et al. 2011,Hymenoptera,Spirit Lake_08,30,-109.9965,40.8429,Bombus impatiens,0,0
Cameron et al. 2011,Hymenoptera,"Stevens Pass, Cascade Mts._08",20,-121.08798,47.74601,Bombus bifarius,2,12
Cameron et al. 2011,Hymenoptera,"Stevens Pass, Cascade Mts._08",20,-121.08798,47.74601,Bombus impatiens,0,0
Cameron et al. 2011,Hymenoptera,"Swanson Lake, 2.59 km NW_09",30,-107.4761,38.32304,Bombus bifarius,29,116
Cameron et al. 2011,Hymenoptera,"Swanson Lake, 2.59 km NW_09",30,-107.4761,38.32304,Bombus impatiens,0,0
Cameron et al. 2011,Hymenoptera,"Ten Sleep, 6.87 km W_09",30,-107.37811,44.06658,Bombus bifarius,0,0
Cameron et al. 2011,Hymenoptera,"Ten Sleep, 6.87 km W_09",30,-107.37811,44.06658,Bombus impatiens,0,0
Cameron et al. 2011,Hymenoptera,"The Gap Spring, 0.3 km NW_08",20,-111.7195,37.9638,Bombus bifarius,56,336
Cameron et al. 2011,Hymenoptera,"The Gap Spring, 0.3 km NW_08",20,-111.7195,37.9638,Bombus impatiens,0,0
Cameron et al. 2011,Hymenoptera,Thunder Basin National Grassland (WY08.site05)_08,30,-104.58529,43.75231,Bombus bifarius,0,0
Cameron et al. 2011,Hymenoptera,Thunder Basin National Grassland (WY08.site05)_08,30,-104.58529,43.75231,Bombus impatiens,0,0
Cameron et al. 2011,Hymenoptera,"Tillamook State Forest, 0.77km SE of Idiot Creek Falls_08",30,-123.422,45.61957,Bombus bifarius,0,0
Cameron et al. 2011,Hymenoptera,"Tillamook State Forest, 0.77km SE of Idiot Creek Falls_08",30,-123.422,45.61957,Bombus impatiens,0,0
Cameron et al. 2011,Hymenoptera,"Timber Canyon, 3.8 km E Soldier Summit_08",30,-111.0338,39.9302,Bombus bifarius,13,52
Cameron et al. 2011,Hymenoptera,"Timber Canyon, 3.8 km E Soldier Summit_08",30,-111.0338,39.9302,Bombus impatiens,0,0
Cameron et al. 2011,Hymenoptera,Tony Grove Parking Lot_08,30,-111.64246,41.89436,Bombus bifarius,63,252
Cameron et al. 2011,Hymenoptera,Tony Grove Parking Lot_08,30,-111.64246,41.89436,Bombus impatiens,0,0
Cameron et al. 2011,Hymenoptera,"Tony Grove, 0.5 mi N Parking Lot_07",60,-111.64016,41.90102,Bombus bifarius,16,32
Cameron et al. 2011,Hymenoptera,"Tony Grove, 0.5 mi N Parking Lot_07",60,-111.64016,41.90102,Bombus impatiens,0,0
Cameron et al. 2011,Hymenoptera,"Trinity NP, 0.34mi SW Store Gulch_07",40,-123.12021,40.81017,Bombus bifarius,0,0
Cameron et al. 2011,Hymenoptera,"Trinity NP, 0.34mi SW Store Gulch_07",40,-123.12021,40.81017,Bombus impatiens,0,0
Cameron et al. 2011,Hymenoptera,"Tropic, 16.1 km W_08",64,-112.2575,37.5913,Bombus bifarius,10,18.75
Cameron et al. 2011,Hymenoptera,"Tropic, 16.1 km W_08",64,-112.2575,37.5913,Bombus impatiens,0,0
Cameron et al. 2011,Hymenoptera,"Turtleback, Westsound 1.52 km NW_09",30,-122.97676,48.64107,Bombus bifarius,11,44
Cameron et al. 2011,Hymenoptera,"Turtleback, Westsound 1.52 km NW_09",30,-122.97676,48.64107,Bombus impatiens,0,0
Cameron et al. 2011,Hymenoptera,Tuttle Road (WY08.site04)_08,60,-105.32037,41.91245,Bombus bifarius,4,8
Cameron et al. 2011,Hymenoptera,Tuttle Road (WY08.site04)_08,60,-105.32037,41.91245,Bombus impatiens,0,0
Cameron et al. 2011,Hymenoptera,Valle Grande_09,30,-106.5014,35.8783,Bombus bifarius,4,16
Cameron et al. 2011,Hymenoptera,Valle Grande_09,30,-106.5014,35.8783,Bombus impatiens,0,0
Cameron et al. 2011,Hymenoptera,Valle San Antonio_09,15,-106.5408,35.9749,Bombus bifarius,0,0
Cameron et al. 2011,Hymenoptera,Valle San Antonio_09,15,-106.5408,35.9749,Bombus impatiens,0,0
Cameron et al. 2011,Hymenoptera,Valle Santa Rosa_09,15,-106.5228,35.9747,Bombus bifarius,4,32
Cameron et al. 2011,Hymenoptera,Valle Santa Rosa_09,15,-106.5228,35.9747,Bombus impatiens,0,0
Cameron et al. 2011,Hymenoptera,Valle Toledo_09,15,-106.4813,35.9578,Bombus bifarius,9,72
Cameron et al. 2011,Hymenoptera,Valle Toledo_09,15,-106.4813,35.9578,Bombus impatiens,0,0
Cameron et al. 2011,Hymenoptera,"Wallowa-Whitman NF, 0.89km NW of Hideaway Spring_08",45,-117.2947,45.69974,Bombus bifarius,4,10.666666666666666
Cameron et al. 2011,Hymenoptera,"Wallowa-Whitman NF, 0.89km NW of Hideaway Spring_08",45,-117.2947,45.69974,Bombus impatiens,0,0
Cameron et al. 2011,Hymenoptera,"Wallowa-Whitman NF, 1.42km NNW of Hideaway Spring_08",50,-117.29303,45.70638,Bombus bifarius,15,36
Cameron et al. 2011,Hymenoptera,"Wallowa-Whitman NF, 1.42km NNW of Hideaway Spring_08",50,-117.29303,45.70638,Bombus impatiens,0,0
Cameron et al. 2011,Hymenoptera,"Wallowa-Whitman NF, 2.11km W of Hurricane Point_08",30,-117.29992,45.33339,Bombus bifarius,0,0
Cameron et al. 2011,Hymenoptera,"Wallowa-Whitman NF, 2.11km W of Hurricane Point_08",30,-117.29992,45.33339,Bombus impatiens,0,0
Cameron et al. 2011,Hymenoptera,"Water Canyon, Rio Penasco_09",15,-105.7651,32.8288,Bombus bifarius,0,0
Cameron et al. 2011,Hymenoptera,"Water Canyon, Rio Penasco_09",15,-105.7651,32.8288,Bombus impatiens,0,0
Cameron et al. 2011,Hymenoptera,Waterhole_09,25,-123.42516,47.94269,Bombus bifarius,0,0
Cameron et al. 2011,Hymenoptera,Waterhole_09,25,-123.42516,47.94269,Bombus impatiens,0,0
Cameron et al. 2011,Hymenoptera,Wawawai Bay_08,24,-117.37771,46.63453,Bombus bifarius,0,0
Cameron et al. 2011,Hymenoptera,Wawawai Bay_08,24,-117.37771,46.63453,Bombus impatiens,0,0
Cameron et al. 2011,Hymenoptera,"Weedy Meadow, nr Peninsula College_09",30,-123.41248,48.09788,Bombus bifarius,0,0
Cameron et al. 2011,Hymenoptera,"Weedy Meadow, nr Peninsula College_09",30,-123.41248,48.09788,Bombus impatiens,0,0
Cameron et al. 2011,Hymenoptera,Weeks Wetland Preserve_09,30,-122.9149,48.52285,Bombus bifarius,0,0
Cameron et al. 2011,Hymenoptera,Weeks Wetland Preserve_09,30,-122.9149,48.52285,Bombus impatiens,0,0
Cameron et al. 2011,Hymenoptera,West Cassel Road_09,30,-121.56048,40.87766,Bombus bifarius,0,0
Cameron et al. 2011,Hymenoptera,West Cassel Road_09,30,-121.56048,40.87766,Bombus impatiens,0,0
Cameron et al. 2011,Hymenoptera,Westside Preserve_09,30,-123.14064,48.50639,Bombus bifarius,25,100
Cameron et al. 2011,Hymenoptera,Westside Preserve_09,30,-123.14064,48.50639,Bombus impatiens,0,0
Cameron et al. 2011,Hymenoptera,"White Pass Ski Area, Snoqualimie NF_09",30,-121.38967,46.63835,Bombus bifarius,33,132
Cameron et al. 2011,Hymenoptera,"White Pass Ski Area, Snoqualimie NF_09",30,-121.38967,46.63835,Bombus impatiens,0,0
Cameron et al. 2011,Hymenoptera,"Willow Park, Rocky Mountain NP_09",30,-105.73381,40.43041,Bombus bifarius,0,0
Cameron et al. 2011,Hymenoptera,"Willow Park, Rocky Mountain NP_09",30,-105.73381,40.43041,Bombus impatiens,0,0
Tonietto et al. 2011,Hymenoptera,CTA HQ,1,-87.6424861111,41.8853611111,Bombus impatiens,0,0
Tonietto et al. 2011,Hymenoptera,Notebaert Nature Museum,1,-87.6349583333,41.9264138889,Bombus impatiens,0,0
Tonietto et al. 2011,Hymenoptera,"University of Chicago, Kersten Physics Building",1,-87.6016777778,41.7910611111,Bombus impatiens,1,1
Tonietto et al. 2011,Hymenoptera,Tyner Interpretive Center,1,-87.8183527778,42.0994916667,Bombus impatiens,0,0
Tonietto et al. 2011,Hymenoptera,Optima Views Condo,1,-87.6849888889,42.0492222222,Bombus impatiens,0,0
Tonietto et al. 2011,Hymenoptera,Joffrey Ballet,1,-87.6276305556,41.884775,Bombus impatiens,0,0
Tonietto et al. 2011,Hymenoptera,Lincoln Park,1,-87.6364777778,41.9284138889,Bombus impatiens,0,0
Tonietto et al. 2011,Hymenoptera,Humboldt Park,1,-87.7019333333,41.9066416667,Bombus impatiens,0,0
Tonietto et al. 2011,Hymenoptera,Garfield Park Conservatory,1,-87.7156916667,41.8827,Bombus impatiens,3,3
Tonietto et al. 2011,Hymenoptera,Burnham Park,1,-87.614075,41.8582416667,Bombus impatiens,2,2
Tonietto et al. 2011,Hymenoptera,"Millennium Park, the Lurie Garden",1,-87.6218222222,41.8814194444,Bombus impatiens,0,0
Tonietto et al. 2011,Hymenoptera,Montrose Point,1,-87.6334,41.9635083333,Bombus impatiens,1,1
Tonietto et al. 2011,Hymenoptera,Lake Forest Openlands West Skokie,1,-87.8676333333,42.2323416667,Bombus impatiens,1,1
Tonietto et al. 2011,Hymenoptera,Lyons Woods,1,-87.8369194444,42.4003611111,Bombus impatiens,2,2
Tonietto et al. 2011,Hymenoptera,Midewin National Tallgrass Prairie,1,-88.1447583333,41.3482388889,Bombus impatiens,3,3
Tonietto et al. 2011,Hymenoptera,Santa Fe Prairie,1,-87.8592694444,41.9248805556,Bombus impatiens,1,1
Tonietto et al. 2011,Hymenoptera,AirStation Prairie,1,-87.8182944444,42.100425,Bombus impatiens,0,0
Tonietto et al. 2011,Hymenoptera,Dixon Prairie,1,-87.7867638889,42.1412027778,Bombus impatiens,5,5
